Formatted_Date,True_Day1,Predicted_Day1,True_Day2,Predicted_Day2,True_Day3,Predicted_Day3,True_Day4,Predicted_Day4,True_Day5,Predicted_Day5
2023-03-24,157.27393337455686,154.8677,158.34313696257095,156.6429,156.39283166414998,155.72208,157.77883979840226,156.73903,159.9172833200629,157.38724
2023-03-27,158.34313696257095,154.71065,156.39283166414998,156.56017,157.77883979840226,155.6497,159.9172833200629,156.68585,160.81817064051347,157.30133
2023-03-28,156.39283166414998,154.22633,157.77883979840226,156.16862,159.9172833200629,155.2612,160.81817064051347,156.34508,162.62993146566447,156.91158
2023-03-29,157.77883979840226,152.865,159.9172833200629,154.90833,160.81817064051347,154.06325,162.62993146566447,155.16493,164.9366655701128,155.73242
2023-03-30,159.9172833200629,153.86346,160.81817064051347,155.99197,162.62993146566447,154.9276,164.9366655701128,156.35924,163.09524181864398,156.6238
2023-03-31,160.81817064051347,155.90367,162.62993146566447,158.03877,164.9366655701128,156.78305,163.09524181864398,158.39836,160.80826034261725,158.50258
2023-04-03,162.62993146566447,158.05461,164.9366655701128,160.13582,163.09524181864398,158.80772,160.80826034261725,160.41104,159.80839731300316,160.57106
2023-04-04,164.9366655701128,160.22864,163.09524181864398,162.22371,160.80826034261725,160.88104,159.80839731300316,162.38313,160.72909253457362,162.65672
2023-04-05,163.09524181864398,161.36174,160.80826034261725,163.29636,159.80839731300316,162.05406,160.72909253457362,163.33861,159.6103694037487,163.8225
2023-04-06,160.80826034261725,159.8622,159.80839731300316,161.82248,160.72909253457362,160.86086,159.6103694037487,161.82332,160.01628790137767,162.64455
2023-04-10,159.80839731300316,158.677,160.72909253457362,160.72829,159.6103694037487,159.82089,160.01628790137767,160.83257,162.94672669437054,161.6103
2023-04-11,160.72909253457362,156.74991,159.6103694037487,158.91641,160.01628790137767,158.06776,162.94672669437054,159.13129,163.4417358903036,159.8738
2023-04-12,159.6103694037487,155.90569,160.01628790137767,158.16925,162.94672669437054,157.2273,163.4417358903036,158.50299,164.4416518212544,159.05005
2023-04-13,160.01628790137767,155.43936,162.94672669437054,157.744,163.4417358903036,156.73352,164.4416518212544,158.13316,164.1446592502392,158.57323
2023-04-14,162.94672669437054,157.4034,163.4417358903036,159.6608,164.4416518212544,158.42076,164.1446592502392,160.0765,164.43173852810273,160.27287
2023-04-17,163.4417358903036,159.7463,164.4416518212544,161.86247,164.1446592502392,160.53351,164.43173852810273,162.16882,163.4021510550257,162.35918
2023-04-18,164.4416518212544,160.65651,164.1446592502392,162.64032,164.43173852810273,161.44257,163.4021510550257,162.80962,163.3526447044582,163.25197
2023-04-19,164.1446592502392,161.52164,164.43173852810273,163.45311,163.4021510550257,162.30777,163.3526447044582,163.54932,163.5407390651718,164.12183
2023-04-20,164.43173852810273,162.03328,163.4021510550257,163.95578,163.3526447044582,162.84929,163.5407390651718,164.00743,161.43200707778223,164.65945
2023-04-21,163.4021510550257,161.84088,163.3526447044582,163.8011,163.5407390651718,162.74803,161.43200707778223,163.83157,163.54075427728802,164.56416
2023-04-24,163.3526447044582,160.73634,163.5407390651718,162.77838,161.43200707778223,161.79585,163.54075427728802,162.82048,166.80780972743617,163.63103
2023-04-25,163.5407390651718,159.99043,161.43200707778223,162.10678,163.54075427728802,161.10121,166.80780972743617,162.2161,167.58988704485296,162.92703
2023-04-26,161.43200707778223,159.41861,163.54075427728802,161.59644,166.80780972743617,160.55446,167.58988704485296,161.75754,168.3918123170909,162.37895
2023-04-27,163.54075427728802,158.75523,166.80780972743617,160.96387,167.58988704485296,159.9162,168.3918123170909,161.16788,167.80771888799373,161.74377
2023-04-28,166.80780972743617,160.56143,167.58988704485296,162.75342,168.3918123170909,161.47832,167.80771888799373,162.99593,163.243711633137,163.31245
2023-05-01,167.58988704485296,163.29384,168.3918123170909,165.37909,167.80771888799373,163.95079,163.243711633137,165.52467,169.27292902501793,165.75743
2023-05-02,168.3918123170909,164.84361,167.80771888799373,166.80415,163.243711633137,165.45183,169.27292902501793,166.78821,170.75794076749395,167.23573
2023-05-03,167.80771888799373,164.71548,163.243711633137,166.6202,169.27292902501793,165.46571,170.75794076749395,166.5041,171.32224224608487,167.23695
2023-05-04,163.243711633137,163.84961,169.27292902501793,165.8045,170.75794076749395,164.77084,171.32224224608487,165.67964,171.29257694818676,166.55226
2023-05-05,169.27292902501793,161.45015,170.75794076749395,163.5244,171.32224224608487,162.63205,171.29257694818676,163.44702,172.11428168700377,164.445
2023-05-08,170.75794076749395,164.9115,171.32224224608487,167.0444,171.29257694818676,165.61397,172.11428168700377,167.04951,172.1243165202818,167.4197
2023-05-09,171.32224224608487,168.13387,171.29257694818676,170.10635,172.11428168700377,168.51903,172.1243165202818,169.92732,171.6682987112497,170.1944
2023-05-10,171.29257694818676,168.45213,172.11428168700377,170.27646,172.1243165202818,168.92992,171.6682987112497,169.92091,170.5083796138232,170.5209
2023-05-11,172.11428168700377,168.07127,172.1243165202818,169.8886,171.6682987112497,168.6739,170.5083796138232,169.52296,170.23077817517168,170.24551
2023-05-12,172.1243165202818,167.86465,171.6682987112497,169.75047,170.5083796138232,168.52895,170.23077817517168,169.44322,171.50966446616422,170.09277
2023-05-15,171.6682987112497,167.25964,170.5083796138232,169.23175,170.23077817517168,168.01956,171.50966446616422,168.99228,174.8704617599002,169.58588
2023-05-16,170.5083796138232,166.75809,170.23077817517168,168.81726,171.50966446616422,167.57841,174.8704617599002,168.65952,172.48120433403864,169.15724
2023-05-17,170.23077817517168,166.49597,171.50966446616422,168.63338,174.8704617599002,167.34023,172.48120433403864,168.54242,171.6385593675291,168.95547
2023-05-18,171.50966446616422,166.29237,174.8704617599002,168.48222,172.48120433403864,167.1563,171.6385593675291,168.43506,169.61608028425636,168.83037
2023-05-19,174.8704617599002,167.8977,172.48120433403864,170.07253,171.6385593675291,168.57242,169.61608028425636,170.03409,170.92476575302507,170.27946
2023-05-22,172.48120433403864,170.07904,171.6385593675291,172.16458,169.61608028425636,170.56644,170.92476575302507,172.01796,171.82690796374212,172.26031
2023-05-23,171.6385593675291,169.97276,169.61608028425636,171.97,170.92476575302507,170.5733,171.82690796374212,171.6964,175.4355461600694,172.25008
2023-05-24,169.61608028425636,168.025,170.92476575302507,170.04585,171.82690796374212,168.8889,175.4355461600694,169.76973,175.80238088733307,170.58931
2023-05-25,170.92476575302507,166.4659,171.82690796374212,168.57256,175.4355461600694,167.4463,175.80238088733307,168.41205,176.16916396782793,169.161
2023-05-26,171.82690796374212,166.70602,175.4355461600694,168.87965,175.80238088733307,167.57666,176.16916396782793,168.82085,179.4704869589175,169.29912
2023-05-30,175.4355461600694,168.443,175.80238088733307,170.58351,176.16916396782793,169.0837,179.4704869589175,170.52502,181.05670243794387,170.78912
2023-05-31,175.80238088733307,171.42418,176.16916396782793,173.45221,179.4704869589175,171.78232,181.05670243794387,173.27887,178.41961560329207,173.45786
2023-06-01,176.16916396782793,172.81708,179.4704869589175,174.763,181.05670243794387,173.16881,178.41961560329207,174.37654,176.90281634965245,174.8734
2023-06-02,179.4704869589175,174.18608,181.05670243794387,176.0314,178.41961560329207,174.48256,176.90281634965245,175.51321,176.367453055308,176.13963
2023-06-05,181.05670243794387,175.60579,178.41961560329207,177.38132,176.90281634965245,175.84088,176.367453055308,176.76782,179.93643394119178,177.41753
2023-06-06,178.41961560329207,175.74992,176.90281634965245,177.55072,176.367453055308,176.0943,179.93643394119178,176.83159,179.7084305703386,177.66783
2023-06-07,176.90281634965245,174.80899,176.367453055308,176.62895,179.93643394119178,175.28986,179.7084305703386,175.89433,181.22524912557424,176.77374
2023-06-08,176.367453055308,173.48221,179.93643394119178,175.36444,179.7084305703386,174.07347,181.22524912557424,174.71175,181.79033583961464,175.48914
2023-06-09,179.93643394119178,173.18228,179.7084305703386,175.11778,181.22524912557424,173.72104,181.79033583961464,174.60507,182.3752648056927,175.08356
2023-06-12,179.7084305703386,174.45749,181.22524912557424,176.4155,181.79033583961464,174.80704,182.3752648056927,175.97205,185.12135487176403,176.14569
2023-06-13,181.22524912557424,176.07254,181.79033583961464,177.99553,182.3752648056927,176.27779,185.12135487176403,177.5287,182.82137659501507,177.62163
2023-06-14,181.79033583961464,177.23836,182.3752648056927,179.12149,185.12135487176403,177.40224,182.82137659501507,178.57906,183.30714894064775,178.77423
2023-06-15,182.3752648056927,177.7126,185.12135487176403,179.58229,182.82137659501507,177.9252,183.30714894064775,178.982,182.15715766621676,179.33304
2023-06-16,185.12135487176403,178.95088,182.82137659501507,180.81941,183.30714894064775,179.09865,182.15715766621676,180.18794,183.9515527146196,180.53157
2023-06-20,182.82137659501507,179.72212,183.30714894064775,181.62344,182.15715766621676,179.88728,183.9515527146196,180.89272,185.2205087707664,181.36844
2023-06-21,183.30714894064775,180.01517,182.15715766621676,181.88736,183.9515527146196,180.19537,185.2205087707664,181.08798,184.28862175731683,181.62152
2023-06-22,182.15715766621676,178.82526,183.9515527146196,180.71799,185.2205087707664,179.17717,184.28862175731683,179.92796,186.31103877905792,180.5688
2023-06-23,183.9515527146196,178.9365,185.2205087707664,180.8671,184.28862175731683,179.24075,186.31103877905792,180.18188,187.45115547762376,180.6141
2023-06-26,185.2205087707664,179.64525,184.28862175731683,181.59346,186.31103877905792,179.86252,187.45115547762376,180.94283,189.97918829297507,181.22739
2023-06-27,184.28862175731683,179.99808,186.31103877905792,181.94554,187.45115547762376,180.21112,189.97918829297507,181.27164,192.1106225488868,181.57677
2023-06-28,186.31103877905792,180.66296,187.45115547762376,182.60254,189.97918829297507,180.83896,192.1106225488868,181.92139,189.9197006274937,182.21518
2023-06-29,187.45115547762376,182.10927,189.97918829297507,184.02177,192.1106225488868,182.17181,189.9197006274937,183.30426,188.2045627194373,183.55145
2023-06-30,189.97918829297507,183.27032,192.1106225488868,185.14659,189.9197006274937,183.28992,188.2045627194373,184.34427,189.761060404174,184.66397
2023-07-03,192.1106225488868,185.88173,189.9197006274937,187.72311,188.2045627194373,185.70544,189.761060404174,186.81581,187.62957811566648,187.10367
2023-07-05,189.9197006274937,187.2989,188.2045627194373,189.03874,189.761060404174,187.10075,187.62957811566648,187.96327,187.53046059023825,188.41599
2023-07-06,188.2045627194373,186.05238,189.761060404174,187.8094,187.62957811566648,186.13399,187.53046059023825,186.67303,188.0459719487468,187.43222
2023-07-07,189.761060404174,184.47,187.62957811566648,186.33855,187.53046059023825,184.74297,188.0459719487468,185.31311,188.8589108119984,186.05568
2023-07-10,187.62957811566648,184.05634,187.53046059023825,186.04785,188.0459719487468,184.32785,188.8589108119984,185.14795,188.59122781892407,185.65468
2023-07-11,187.53046059023825,182.33559,188.0459719487468,184.43585,188.8589108119984,182.77823,188.59122781892407,183.60481,190.24684079775335,184.14622
2023-07-12,188.0459719487468,181.52792,188.8589108119984,183.68147,188.59122781892407,181.9728,190.24684079775335,182.95668,191.68434955477355,183.35991
2023-07-13,188.8589108119984,182.66403,188.59122781892407,184.79874,190.24684079775335,182.90645,191.68434955477355,184.10918,191.4365254782444,184.3012
2023-07-14,188.59122781892407,184.14609,190.24684079775335,186.17036,191.68434955477355,184.21693,191.4365254782444,185.39914,193.40936968617575,185.5775
2023-07-17,190.24684079775335,184.59018,191.68434955477355,186.51097,191.4365254782444,184.66245,193.40936968617575,185.64345,192.4279103563728,186.01
2023-07-18,191.68434955477355,186.34003,191.4365254782444,188.18106,193.40936968617575,186.25029,192.4279103563728,187.26056,191.743825956034,187.59479
2023-07-19,191.4365254782444,187.37746,193.40936968617575,189.15692,192.4279103563728,187.26155,191.743825956034,188.127,191.6645465080404,188.5898
2023-07-20,193.40936968617575,188.3911,192.4279103563728,190.14583,191.743825956034,188.24603,191.6645465080404,189.02539,192.0015807949404,189.58904
2023-07-21,192.4279103563728,188.39764,191.743825956034,190.14285,191.6645465080404,188.32669,192.0015807949404,188.93787,194.33136299756583,189.63203
2023-07-24,191.743825956034,187.04774,191.6645465080404,188.85925,192.0015807949404,187.17422,194.33136299756583,187.64685,192.99299467254065,188.46667
2023-07-25,191.6645465080404,186.75105,192.0015807949404,188.61661,194.33136299756583,186.85858,192.99299467254065,187.48286,194.37100498050745,188.09758
2023-07-26,192.0015807949404,186.80388,194.33136299756583,188.69951,192.99299467254065,186.86809,194.37100498050745,187.6221,194.5494585671308,188.05861
2023-07-27,194.33136299756583,187.22787,192.99299467254065,189.13779,194.37100498050745,187.23146,194.5494585671308,188.08847,193.35977399392823,188.4198
2023-07-28,192.99299467254065,187.54329,194.37100498050745,189.44788,194.5494585671308,187.5362,193.35977399392823,188.38676,189.91969553388512,188.7326
2023-07-31,194.37100498050745,188.38019,194.5494585671308,190.26706,193.35977399392823,188.30786,189.91969553388512,189.1926,183.92181504025928,189.51006
2023-08-01,194.5494585671308,189.33583,193.35977399392823,191.18605,189.91969553388512,189.20245,183.92181504025928,190.06932,180.5610232157941,190.39725
2023-08-02,193.35977399392823,189.45816,189.91969553388512,191.29092,183.92181504025928,189.37837,180.5610232157941,190.12994,178.14203038384454,190.57481
2023-08-03,189.91969553388512,187.38588,183.92181504025928,189.29176,180.5610232157941,187.5995,178.14203038384454,188.14908,179.31184291731705,188.84961
2023-08-04,183.92181504025928,185.10715,180.5610232157941,187.15636,178.14203038384454,185.52249,179.31184291731705,186.14091,177.93383023619305,186.84972
2023-08-07,180.5610232157941,179.12907,178.14203038384454,181.41895,179.31184291731705,180.11246,177.93383023619305,180.54245,176.02983256684112,181.59732
2023-08-08,178.14203038384454,174.73224,179.31184291731705,177.18748,177.93383023619305,175.87073,176.02983256684112,176.60081,176.67511718788185,177.42128
2023-08-09,179.31184291731705,173.4458,177.93383023619305,175.87941,176.02983256684112,174.34097,176.67511718788185,175.5292,177.57847773870674,175.83142
2023-08-10,177.93383023619305,173.3649,176.02983256684112,175.62871,176.67511718788185,173.99945,177.57847773870674,175.3494,175.84123193317788,175.41608
2023-08-11,176.02983256684112,173.60127,176.67511718788185,175.65367,177.57847773870674,174.04927,175.84123193317788,175.35558,175.85114660071363,175.4253
2023-08-14,176.67511718788185,173.17114,177.57847773870674,175.06126,175.84123193317788,173.58293,175.85114660071363,174.73166,171.04637539663875,174.96507
2023-08-15,177.57847773870674,173.67633,175.84123193317788,175.45378,175.85114660071363,173.96783,171.04637539663875,175.13521,173.79620604217206,175.36557
2023-08-16,175.84123193317788,173.51787,175.85114660071363,175.24887,171.04637539663875,173.83719,173.79620604217206,174.90366,175.77171419662545,175.26651
2023-08-17,175.85114660071363,172.67577,171.04637539663875,174.43721,173.79620604217206,173.11032,175.77171419662545,174.0944,177.2211114741355,174.59543
2023-08-18,171.04637539663875,170.86147,173.79620604217206,172.72812,175.77171419662545,171.51137,177.2211114741355,172.42114,179.35544373491686,173.0788
2023-08-21,173.79620604217206,169.20073,175.77171419662545,171.16776,177.2211114741355,169.97165,179.35544373491686,170.95657,176.08940889849805,171.58948
2023-08-22,175.77171419662545,169.81564,177.2211114741355,171.81198,179.35544373491686,170.42242,176.08940889849805,171.69061,178.77967356057698,172.0335
2023-08-23,177.2211114741355,171.63991,179.35544373491686,173.58676,176.08940889849805,172.03342,178.77967356057698,173.43289,178.3925260808221,173.61723
2023-08-24,179.35544373491686,174.43747,176.08940889849805,176.27707,178.77967356057698,174.59781,178.3925260808221,176.00713,183.59439418869405,176.16501
2023-08-25,176.08940889849805,174.28561,178.77967356057698,176.05759,178.3925260808221,174.63835,183.59439418869405,175.61166,186.47328650618996,176.2081
2023-08-28,178.77967356057698,173.40564,178.3925260808221,175.20401,183.59439418869405,173.94778,186.47328650618996,174.74951,188.1112624395919,175.52443
2023-08-29,178.3925260808221,174.2225,183.59439418869405,176.07617,186.47328650618996,174.6954,188.1112624395919,175.67043,186.91009674606676,176.24968
2023-08-30,183.59439418869405,176.26414,186.47328650618996,178.10315,188.1112624395919,176.558,186.91009674606676,177.68167,187.02919231015284,178.07439
2023-08-31,186.47328650618996,180.08589,188.1112624395919,181.84589,186.91009674606676,180.06125,187.02919231015284,181.3001,173.90540860928058,181.53389
2023-09-01,188.1112624395919,182.88727,186.91009674606676,184.54976,187.02919231015284,182.75848,173.90540860928058,183.75325,177.05235186894313,184.18536
2023-09-05,186.91009674606676,184.29942,187.02919231015284,185.90675,173.90540860928058,184.22556,177.05235186894313,184.91989,178.75983344187836,185.5979
2023-09-06,187.02919231015284,183.8584,173.90540860928058,185.51279,177.05235186894313,183.99777,178.75983344187836,184.46312,178.18404991763566,185.34044
2023-09-07,173.90540860928058,179.96968,177.05235186894313,181.83736,178.75983344187836,180.64201,178.18404991763566,180.85518,175.22572770658326,182.04419
2023-09-08,177.05235186894313,172.42358,178.75983344187836,174.64511,178.18404991763566,173.81512,175.22572770658326,173.93616,172.7339737787434,175.34628
2023-09-11,178.75983344187836,171.60399,178.18404991763566,174.01642,175.22572770658326,172.65923,172.7339737787434,173.71262,175.1959388893145,174.16907
2023-09-12,178.18404991763566,172.70058,175.22572770658326,175.05768,172.7339737787434,173.37991,175.1959388893145,174.85074,175.1959303652364,174.80775
2023-09-13,175.22572770658326,172.29335,172.7339737787434,174.50845,175.1959388893145,172.92462,175.1959303652364,174.23035,176.22837977645918,174.36084
2023-09-14,172.7339737787434,171.0675,175.1959388893145,173.16197,175.1959303652364,171.7394,176.22837977645918,172.84225,177.95570880879336,173.2015
2023-09-15,175.1959388893145,170.47606,175.1959303652364,172.46117,176.22837977645918,171.07869,177.95570880879336,172.17697,173.27998896827123,172.52898
2023-09-18,175.1959303652364,170.3433,176.22837977645918,172.29305,177.95570880879336,170.87442,173.27998896827123,172.00725,173.39911221131908,172.3754
2023-09-19,176.22837977645918,172.47588,177.95570880879336,174.29762,173.27998896827123,172.68263,173.39911221131908,173.97603,172.93251742028295,174.13467
2023-09-20,177.95570880879336,173.96327,173.27998896827123,175.63564,173.39911221131908,174.03601,172.93251742028295,175.1994,173.54802313417602,175.42459
2023-09-21,173.27998896827123,173.08714,173.39911221131908,174.72171,172.93251742028295,173.35594,173.54802313417602,174.205,171.36404026565756,174.74503
2023-09-22,173.39911221131908,170.54593,172.93251742028295,172.29494,173.54802313417602,171.13039,171.36404026565756,171.83481,168.1078907839796,172.57167
2023-09-25,172.93251742028295,169.65048,173.54802313417602,171.54886,171.36404026565756,170.26326,168.1078907839796,171.24454,170.7684291673966,171.74208
2023-09-26,173.54802313417602,169.82353,171.36404026565756,171.80005,168.1078907839796,170.35962,170.7684291673966,171.5938,169.97421860938772,171.84586
2023-09-27,171.36404026565756,168.46107,168.1078907839796,170.505,170.7684291673966,169.15652,169.97421860938772,170.3184,171.0066338674304,170.69888
2023-09-28,168.1078907839796,166.53906,170.7684291673966,168.65302,169.97421860938772,167.4134,171.0066338674304,168.53632,169.84514590084152,169.01791
2023-09-29,170.7684291673966,165.23224,169.97421860938772,167.37361,171.0066338674304,166.15404,169.84514590084152,167.36995,172.52551359241795,167.7808
2023-10-02,169.97421860938772,166.02328,171.0066338674304,168.13979,169.84514590084152,166.76263,172.52551359241795,168.2068,172.53545399514545,168.38402
2023-10-03,171.0066338674304,167.49634,169.84514590084152,169.51457,172.52551359241795,168.05577,172.53545399514545,169.54851,175.52355187327169,169.66519
2023-10-04,169.84514590084152,167.96228,172.52551359241795,169.88123,172.53545399514545,168.5214,175.52355187327169,169.82834,176.80415770883764,170.13649
2023-10-05,172.52551359241795,168.17804,172.53545399514545,170.04236,175.52355187327169,168.7603,176.80415770883764,169.95068,176.90342620076967,170.39307
2023-10-06,172.53545399514545,169.23785,175.52355187327169,171.07558,176.80415770883764,169.7461,176.90342620076967,170.96158,178.75982932462722,171.37772
2023-10-09,175.52355187327169,170.66296,176.80415770883764,172.46289,176.90342620076967,171.0881,178.75982932462722,172.2989,180.10001451689263,172.71011
2023-10-10,176.80415770883764,172.5909,176.90342620076967,174.33553,178.75982932462722,172.90222,180.10001451689263,174.09521,175.46396449411634,174.48619
2023-10-11,176.90342620076967,173.72076,178.75982932462722,175.4502,180.10001451689263,174.0503,175.46396449411634,175.09863,175.3646914585386,175.61433
2023-10-12,178.75982932462722,174.02176,180.10001451689263,175.7909,175.46396449411634,174.4498,175.3646914585386,175.37723,174.30248985254676,176.01816
2023-10-13,180.10001451689263,174.90492,175.46396449411634,176.74168,175.3646914585386,175.32797,174.30248985254676,176.30261,174.75913147519677,176.90367
2023-10-16,175.46396449411634,174.7715,175.3646914585386,176.67589,174.30248985254676,175.30864,174.75913147519677,176.19038,174.03445888939677,176.87547
2023-10-17,175.3646914585386,173.17021,174.30248985254676,175.16843,174.75913147519677,173.92639,174.03445888939677,174.71025,169.66646713238327,175.50278
2023-10-18,174.30248985254676,171.51259,174.75913147519677,173.62093,174.03445888939677,172.40326,169.66646713238327,173.2708,171.7909082758531,174.0026
2023-10-19,174.75913147519677,170.57584,174.03445888939677,172.76376,169.66646713238327,171.46936,171.7909082758531,172.51698,170.62942613878033,173.07748
2023-10-20,174.03445888939677,170.46825,169.66646713238327,172.68092,171.7909082758531,171.27873,170.62942613878033,172.48276,169.1303957533013,172.894
2023-10-23,169.66646713238327,169.21513,171.7909082758531,171.42699,170.62942613878033,170.10791,169.1303957533013,171.22337,165.69558183671225,171.74536
2023-10-24,171.7909082758531,167.57024,170.62942613878033,169.75772,169.1303957533013,168.54033,165.69558183671225,169.61742,167.7902309189435,170.18924
2023-10-25,170.62942613878033,167.53969,169.1303957533013,169.68515,165.69558183671225,168.38184,167.7902309189435,169.6352,168.11781482217418,170.01657
2023-10-26,169.1303957533013,166.92867,165.69558183671225,169.03554,167.7902309189435,167.77142,168.11781482217418,168.99176,169.75580166398598,169.42195
2023-10-27,165.69558183671225,164.45659,167.7902309189435,166.56117,168.11781482217418,165.51715,169.75580166398598,166.53261,174.2429429068373,167.21758
2023-10-30,167.7902309189435,163.302,168.11781482217418,165.41852,169.75580166398598,164.34578,174.2429429068373,165.49174,172.97224682902157,166.06313
2023-10-31,168.11781482217418,164.51778,169.75580166398598,166.58783,174.2429429068373,165.29817,172.97224682902157,166.71274,175.09667927913767,166.99345
2023-11-01,169.75580166398598,165.30812,174.2429429068373,167.27168,172.97224682902157,165.97731,175.09667927913767,167.3436,177.87630973489087,167.64958
2023-11-02,174.2429429068373,167.24657,172.97224682902157,169.0994,175.09667927913767,167.7251,177.87630973489087,169.11783,181.0232617752716,169.39328
2023-11-03,172.97224682902157,171.05084,175.09667927913767,172.79808,177.87630973489087,171.21121,181.0232617752716,172.66902,181.6287954362352,172.87706
2023-11-06,175.09667927913767,172.01164,177.87630973489087,173.6598,181.0232617752716,172.26143,181.6287954362352,173.29387,182.87206148972973,173.91882
2023-11-07,177.87630973489087,173.53484,181.0232617752716,175.13231,181.6287954362352,173.73883,182.87206148972973,174.66447,184.71101456121173,175.34828
2023-11-08,181.0232617752716,175.61655,181.6287954362352,177.20241,182.87206148972973,175.71779,184.71101456121173,176.63759,186.579792942837,177.26315
2023-11-09,181.6287954362352,177.50096,182.87206148972973,179.08171,184.71101456121173,177.54283,186.579792942837,178.40305,186.72889062449767,179.00182
2023-11-10,182.87206148972973,177.75699,184.71101456121173,179.3989,186.579792942837,177.93971,186.72889062449767,178.63472,188.4386407016056,179.35812
2023-11-13,184.71101456121173,179.12633,186.579792942837,180.86311,186.72889062449767,179.26285,188.4386407016056,180.09918,189.11459313033544,180.66937
2023-11-14,186.579792942837,179.69821,186.72889062449767,181.50621,188.4386407016056,179.88683,189.11459313033544,180.70253,188.75671623264228,181.2561
2023-11-15,186.72889062449767,180.96689,188.4386407016056,182.85109,189.11459313033544,181.11272,188.75671623264228,182.03464,190.26765186097265,182.48062
2023-11-16,188.4386407016056,182.25343,189.11459313033544,184.17441,188.75671623264228,182.35513,190.26765186097265,183.30113,190.3471617671388,183.7105
2023-11-17,189.11459313033544,183.55396,188.75671623264228,185.4841,190.26765186097265,183.6119,190.3471617671388,184.55017,189.73086532541635,184.9551
2023-11-20,188.75671623264228,183.87303,190.26765186097265,185.81624,190.3471617671388,184.0001,189.73086532541635,184.8324,188.78654712309,185.33421
2023-11-21,190.26765186097265,184.60042,190.3471617671388,186.55418,189.73086532541635,184.70049,188.78654712309,185.57564,188.6473921461556,186.0215
2023-11-22,190.3471617671388,184.68575,189.73086532541635,186.65515,188.78654712309,184.83582,188.6473921461556,185.67732,189.76069003248776,186.14256
2023-11-24,189.73086532541635,185.08377,188.78654712309,187.0778,188.6473921461556,185.22568,189.76069003248776,186.12521,188.70701635554832,186.53346
2023-11-27,188.78654712309,184.21754,188.6473921461556,186.24635,189.76069003248776,184.49913,188.70701635554832,185.32513,189.19410585978827,185.80939
2023-11-28,188.6473921461556,183.3068,189.76069003248776,185.41498,188.70701635554832,183.69044,189.19410585978827,184.58356,188.84618961175903,185.05312
2023-11-29,189.76069003248776,183.50227,188.70701635554832,185.65578,189.19410585978827,183.82768,188.84618961175903,184.89795,189.0748364979079,185.22748
2023-11-30,188.70701635554832,183.83974,189.19410585978827,185.98708,188.84618961175903,184.12634,189.0748364979079,185.2251,193.28950362567244,185.55089
2023-12-01,189.19410585978827,183.69057,188.84618961175903,185.81393,189.0748364979079,184.00847,193.28950362567244,185.0308,192.4744158469115,185.45848
2023-12-04,188.84618961175903,184.508,189.0748364979079,186.57455,193.28950362567244,184.72026,192.4744158469115,185.78027,193.0409791518531,186.16908
2023-12-05,189.0748364979079,183.91748,193.28950362567244,185.93102,192.4744158469115,184.21953,193.0409791518531,185.09601,191.9575252547332,185.65927
2023-12-06,193.28950362567244,185.63533,192.4744158469115,187.58862,193.0409791518531,185.71338,191.9575252547332,186.7528,191.92768151957463,187.15147
2023-12-07,192.4744158469115,187.53993,193.0409791518531,189.37718,191.9575252547332,187.44672,191.92768151957463,188.40962,193.925682544677,188.81305
2023-12-08,193.0409791518531,188.63403,191.9575252547332,190.38702,191.92768151957463,188.51201,193.925682544677,189.2815,196.83821410318075,189.83029
2023-12-11,191.9575252547332,189.25319,191.92768151957463,190.97644,193.925682544677,189.14061,196.83821410318075,189.78929,196.3511451419736,190.43633
2023-12-12,191.92768151957463,187.68985,193.925682544677,189.47269,196.83821410318075,187.81631,196.3511451419736,188.26212,194.9197048287757,189.12195
2023-12-13,193.925682544677,187.41989,196.83821410318075,189.26973,196.3511451419736,187.52364,194.9197048287757,188.15442,194.98930475456203,188.81807
2023-12-14,196.83821410318075,189.58574,196.3511451419736,191.43588,194.9197048287757,189.40022,194.98930475456203,190.33243,195.7248744678636,190.66718
2023-12-15,196.3511451419736,191.78659,194.9197048287757,193.54156,194.98930475456203,191.4071,195.7248744678636,192.28781,194.9296507492267,192.61581
2023-12-18,194.9197048287757,192.21692,194.98930475456203,193.96075,195.7248744678636,191.90152,194.9296507492267,192.503,194.01515250091973,193.15176
2023-12-19,194.98930475456203,191.3361,195.7248744678636,193.02731,194.9296507492267,191.12613,194.01515250091973,191.49374,192.4545130925557,192.28764
2023-12-20,195.7248744678636,190.71867,194.9296507492267,192.4131,194.01515250091973,190.52481,192.4545130925557,190.9529,191.34121910492223,191.59486
2023-12-21,194.9296507492267,189.48845,194.01515250091973,191.26193,192.4545130925557,189.3983,191.34121910492223,189.89442,192.98136861854132,190.44841
2023-12-22,194.01515250091973,188.42545,192.4545130925557,190.29169,191.34121910492223,188.40213,192.98136861854132,189.05244,192.7427850763616,189.46278
2023-12-26,192.4545130925557,187.42578,191.34121910492223,189.37347,192.98136861854132,187.46645,192.7427850763616,188.25613,186.0330720064728,188.55101
2023-12-27,191.34121910492223,186.62036,192.98136861854132,188.63101,192.7427850763616,186.70494,186.0330720064728,187.62585,183.1205708792931,187.8305
2023-12-28,192.98136861854132,185.87048,192.7427850763616,187.93605,186.0330720064728,186.00787,183.1205708792931,187.0223,181.06289876138527,187.21803
2023-12-29,192.7427850763616,186.97514,186.0330720064728,189.02179,183.1205708792931,186.9455,181.06289876138527,188.14902,180.90388776119545,188.19649
2024-01-02,186.0330720064728,187.0666,183.1205708792931,189.06834,181.06289876138527,187.0768,180.90388776119545,188.13783,181.0032684531674,188.36682
2024-01-03,183.1205708792931,182.1258,181.06289876138527,184.21762,180.90388776119545,182.74333,181.0032684531674,183.29759,182.82234457021028,184.16791
2024-01-04,181.06289876138527,179.19423,180.90388776119545,181.40501,181.0032684531674,179.92711,182.82234457021028,180.72697,183.24979649333247,181.42192
2024-01-05,180.90388776119545,176.84499,181.0032684531674,179.13649,182.82234457021028,177.61821,183.24979649333247,178.62846,185.4266880302128,179.1489
2024-01-08,181.0032684531674,176.14471,182.82234457021028,178.40381,183.24979649333247,176.76836,185.4266880302128,178.00255,184.9495581353005,178.29333
2024-01-09,182.82234457021028,178.01442,183.24979649333247,180.10608,185.4266880302128,178.26361,184.9495581353005,179.72014,181.07285998444632,179.74072
2024-01-10,183.24979649333247,179.55862,185.4266880302128,181.42395,184.9495581353005,179.61244,181.07285998444632,180.91483,180.1881786532248,181.0279
2024-01-11,185.4266880302128,180.60863,184.9495581353005,182.30598,181.07285998444632,180.59457,180.1881786532248,181.68047,184.979392426226,181.98778
2024-01-12,184.9495581353005,180.86513,181.07285998444632,182.49593,180.1881786532248,180.90889,184.979392426226,181.7894,188.2000611602168,182.3026
2024-01-16,181.07285998444632,181.02287,180.1881786532248,182.66971,184.979392426226,181.11948,188.2000611602168,181.93442,191.1523420023232,182.51038
2024-01-17,180.1881786532248,178.58476,184.979392426226,180.35095,188.2000611602168,179.01968,191.1523420023232,179.63226,193.8561031440579,180.46953
2024-01-18,184.979392426226,176.88698,188.2000611602168,178.78926,191.1523420023232,177.43802,193.8561031440579,178.21527,194.25371040083743,178.91878
2024-01-19,188.2000611602168,180.1946,191.1523420023232,182.144,193.8561031440579,180.28584,194.25371040083743,181.64128,194.0549059471631,181.76973
2024-01-22,191.1523420023232,184.64268,193.8561031440579,186.44237,194.25371040083743,184.31715,194.0549059471631,185.71484,193.11057143190595,185.73012
2024-01-23,193.8561031440579,188.4822,194.25371040083743,190.05635,194.0549059471631,187.9288,193.11057143190595,189.0004,190.8640668648328,189.2488
2024-01-24,194.25371040083743,190.28564,194.0549059471631,191.71115,193.11057143190595,189.78188,190.8640668648328,190.38991,189.80047228297693,191.00612
2024-01-25,194.0549059471631,189.97772,193.11057143190595,191.44212,190.8640668648328,189.72234,189.80047228297693,190.01169,185.92371249893745,190.91484
2024-01-26,193.11057143190595,188.75957,190.8640668648328,190.39139,189.80047228297693,188.74832,185.92371249893745,189.0099,182.8919451500293,189.93892
2024-01-29,190.8640668648328,187.02704,189.80047228297693,188.86559,185.92371249893745,187.22897,182.8919451500293,187.61641,178.78657309445222,188.41866
2024-01-30,189.80047228297693,184.88892,185.92371249893745,186.9273,182.8919451500293,185.28587,178.78657309445222,185.86209,187.0271175250412,186.50217
2024-01-31,185.92371249893745,182.78098,182.8919451500293,184.98096,178.78657309445222,183.31902,187.0271175250412,184.09505,185.74481710103248,184.58841
2024-02-01,182.8919451500293,179.78377,178.78657309445222,182.10948,187.0271175250412,180.5316,185.74481710103248,181.38467,189.5022417883465,181.86613
2024-02-02,178.78657309445222,179.02586,187.0271175250412,181.38536,185.74481710103248,179.65346,189.5022417883465,180.84229,188.25972761232651,181.04474
2024-02-05,187.0271175250412,177.92743,185.74481710103248,180.21556,189.5022417883465,178.51791,188.25972761232651,179.73439,187.76340641648085,179.97575
2024-02-06,185.74481710103248,181.29637,189.5022417883465,183.36696,188.25972761232651,181.33795,187.76340641648085,182.87001,187.53448242231036,182.74643
2024-02-07,189.5022417883465,183.63239,188.25972761232651,185.39812,187.76340641648085,183.44029,187.53448242231036,184.6841,184.89694454758452,184.73665
2024-02-08,188.25972761232651,184.95865,187.76340641648085,186.5287,187.53448242231036,184.72604,184.89694454758452,185.63203,184.44906062504623,185.9796
2024-02-09,187.76340641648085,184.12767,187.53448242231036,185.65689,184.89694454758452,184.10667,184.44906062504623,184.67447,182.68738521978767,185.34439
2024-02-12,187.53448242231036,183.54655,184.89694454758452,185.16673,184.44906062504623,183.63086,182.68738521978767,184.23746,182.55800062284032,184.88809
2024-02-13,184.89694454758452,182.37619,184.44906062504623,184.14133,182.68738521978767,182.61336,182.55800062284032,183.27971,180.93562562036504,183.90063
2024-02-14,184.44906062504623,179.95213,182.68738521978767,181.89912,182.55800062284032,180.4501,180.93562562036504,181.14444,181.0849615211141,181.81104
2024-02-15,182.68738521978767,178.57018,182.55800062284032,180.66234,180.93562562036504,179.12796,181.0849615211141,180.05911,182.6177080564135,180.5466
2024-02-16,182.55800062284032,177.79877,180.93562562036504,179.96112,181.0849615211141,178.34734,182.6177080564135,179.44894,184.1405042298665,179.809
2024-02-20,180.93562562036504,177.78853,181.0849615211141,179.92271,182.6177080564135,178.24608,184.1405042298665,179.43857,181.38353517321784,179.70802
2024-02-21,181.0849615211141,176.85916,182.6177080564135,178.94977,184.1405042298665,177.37315,181.38353517321784,178.46104,180.24888975946536,178.84888
2024-02-22,182.6177080564135,176.90688,184.1405042298665,178.94089,181.38353517321784,177.34232,180.24888975946536,178.48721,181.6522565198894,178.81743
2024-02-23,184.1405042298665,178.31223,181.38353517321784,180.27605,180.24888975946536,178.56223,181.6522565198894,179.80635,180.41811896420185,180.03734
2024-02-26,181.38353517321784,178.8749,180.24888975946536,180.76288,181.6522565198894,179.11374,180.41811896420185,180.19644,178.70617492699984,180.58125
2024-02-27,180.24888975946536,177.58781,181.6522565198894,179.46829,180.41811896420185,178.02675,178.70617492699984,178.8619,175.3221528407019,179.50829
2024-02-28,181.6522565198894,176.80507,180.41811896420185,178.73503,178.70617492699984,177.31392,175.3221528407019,178.20247,169.9574719243141,178.82819
2024-02-29,180.41811896420185,176.61137,178.70617492699984,178.58565,175.3221528407019,177.11075,169.9574719243141,178.10365,170.25608047856306,178.63103
2024-03-01,178.70617492699984,176.05661,175.3221528407019,178.13342,169.9574719243141,176.61703,170.25608047856306,177.61627,168.35503848083317,178.2488
2024-03-04,175.3221528407019,175.70563,169.9574719243141,177.74045,170.25608047856306,176.21999,168.35503848083317,177.18727,168.20574707517525,177.808
2024-03-05,169.9574719243141,172.65303,170.25608047856306,174.67458,168.35503848083317,173.42691,168.20574707517525,174.12166,172.12723509594798,174.98375
2024-03-06,170.25608047856306,167.85898,168.35503848083317,169.9718,168.20574707517525,168.96823,172.12723509594798,169.56033,172.33625244410158,170.55154
2024-03-07,168.35503848083317,165.54924,168.20574707517525,167.72958,172.12723509594798,166.59128,172.33625244410158,167.55885,171.9580519129805,168.14804
2024-03-08,168.20574707517525,164.72522,172.12723509594798,166.89827,172.33625244410158,165.59161,171.9580519129805,166.86537,172.0973773021251,167.1215
2024-03-11,172.12723509594798,165.72797,172.33625244410158,167.79369,171.9580519129805,166.29709,172.0973773021251,167.80106,170.36554869703198,167.81409
2024-03-12,172.33625244410158,168.2116,171.9580519129805,170.10564,172.0973773021251,168.44783,170.36554869703198,170.03755,174.7448914522954,169.93848
2024-03-13,171.9580519129805,169.18427,172.0973773021251,170.92162,170.36554869703198,169.39651,174.7448914522954,170.71092,173.52065910891577,170.88667
2024-03-14,172.0973773021251,168.57571,170.36554869703198,170.26189,174.7448914522954,168.95517,173.52065910891577,169.98187,174.89418909629194,170.46904
2024-03-15,170.36554869703198,168.65877,174.7448914522954,170.40475,173.52065910891577,169.08788,174.89418909629194,170.14307,176.2179350177799,170.65065
2024-03-18,174.7448914522954,167.93675,173.52065910891577,169.80226,174.89418909629194,168.5002,176.2179350177799,169.52007,170.95279171103329,170.154
2024-03-19,173.52065910891577,170.23627,174.89418909629194,172.09528,176.2179350177799,170.52505,170.95279171103329,171.79364,169.76840571092222,172.12798
2024-03-20,174.89418909629194,171.37105,176.2179350177799,173.14201,170.95279171103329,171.6134,169.76840571092222,172.73604,169.20104494513856,173.1176
2024-03-21,176.2179350177799,172.62509,170.95279171103329,174.32738,169.76840571092222,172.81392,169.20104494513856,173.88428,169.60914876354798,174.25578
2024-03-22,170.95279171103329,170.2455,169.76840571092222,172.03336,169.20104494513856,170.83757,169.60914876354798,171.53673,170.94282285202152,172.33406
2024-03-25,169.76840571092222,168.0082,169.20104494513856,169.92406,169.60914876354798,168.8095,170.94282285202152,169.55606,170.38546326457012,170.31233
2024-03-26,169.20104494513856,166.36777,169.60914876354798,168.39174,170.94282285202152,167.23518,170.38546326457012,168.1884,168.28538634231538,168.71716
2024-03-27,169.60914876354798,165.39755,170.94282285202152,167.4988,170.38546326457012,166.2503,168.28538634231538,167.42432,167.9967479570679,167.73965
2024-03-28,170.94282285202152,166.43623,170.38546326457012,168.52972,168.28538634231538,167.07402,167.9967479570679,168.53975,169.48968886138192,168.57674
2024-04-01,170.38546326457012,167.0032,168.28538634231538,169.04631,167.9967479570679,167.57503,169.48968886138192,169.01158,168.79298281447828,169.11252
2024-04-02,168.28538634231538,166.63477,167.9967479570679,168.62251,169.48968886138192,167.26772,168.79298281447828,168.5456,168.23563178927415,168.83098
2024-04-03,167.9967479570679,165.20705,169.48968886138192,167.20793,168.79298281447828,166.00447,168.23563178927415,167.14761,167.90716183961618,167.6169
2024-04-04,169.48968886138192,164.88087,168.79298281447828,166.91962,168.23563178927415,165.6697,167.90716183961618,166.93452,168.0066961691415,167.32147
2024-04-05,168.79298281447828,165.15211,168.23563178927415,167.21477,167.90716183961618,165.89584,168.0066961691415,167.24803,167.5488670137579,167.57779
2024-04-08,168.23563178927415,165.36578,167.90716183961618,167.42332,168.0066961691415,166.09822,167.5488670137579,167.44165,173.4410296238906,167.79398
2024-04-09,167.90716183961618,164.80704,168.0066961691415,166.86986,167.5488670137579,165.6261,173.4410296238906,166.87724,174.53586805138283,167.34543
2024-04-10,168.0066961691415,164.76202,167.5488670137579,166.8454,173.4410296238906,165.58984,174.53586805138283,166.88278,170.94284143183614,167.33969
2024-04-11,167.5488670137579,164.09288,173.4410296238906,166.20792,174.53586805138283,165.01007,170.94284143183614,166.25032,168.81289870293196,166.7975
2024-04-12,173.4410296238906,166.33359,174.53586805138283,168.41917,170.94284143183614,166.9908,168.81289870293196,168.48924,167.24031189258443,168.80782
2024-04-15,174.53586805138283,170.7789,170.94284143183614,172.72667,168.81289870293196,171.01381,167.24031189258443,172.62283,165.42888374733738,172.79836
2024-04-16,170.94284143183614,171.75542,168.81289870293196,173.51845,167.24031189258443,172.06946,165.42888374733738,173.11267,164.74211969252124,173.76645
2024-04-17,168.81289870293196,168.68712,167.24031189258443,170.42767,165.42888374733738,169.46536,164.74211969252124,169.92744,164.57291251221173,171.11502
2024-04-18,167.24031189258443,165.52957,165.42888374733738,167.4063,164.74211969252124,166.5861,164.57291251221173,167.06752,165.7573215689687,168.1867
2024-04-19,165.42888374733738,163.0261,164.74211969252124,165.08006,164.57291251221173,164.20198,165.7573215689687,164.96713,168.73325927633826,165.76898
2024-04-22,164.74211969252124,160.66273,164.57291251221173,162.88097,165.7573215689687,161.93178,168.73325927633826,162.955,169.081624768213,163.53596
2024-04-23,164.57291251221173,160.6041,165.7573215689687,162.86687,168.73325927633826,161.68777,169.081624768213,163.08936,172.55520693212748,163.30312
2024-04-24,165.7573215689687,161.31537,168.73325927633826,163.52072,169.081624768213,162.21555,172.55520693212748,163.7735,172.51541154910535,163.8498
2024-04-25,168.73325927633826,163.06366,169.081624768213,165.14088,172.55520693212748,163.73973,172.51541154910535,165.36041,168.78303163206596,165.39496
2024-04-26,169.081624768213,165.07268,172.55520693212748,167.01318,172.51541154910535,165.59059,168.78303163206596,167.12672,171.69926693100732,167.26694
2024-04-29,172.55520693212748,166.16145,172.51541154910535,168.0032,168.78303163206596,166.6812,171.69926693100732,167.98273,185.77280978325868,168.37364
2024-04-30,172.51541154910535,168.91982,168.78303163206596,170.72224,171.69926693100732,169.26843,185.77280978325868,170.59216,181.49304025440043,170.9808
2024-05-01,168.78303163206596,168.80989,171.69926693100732,170.60123,185.77280978325868,169.36374,181.49304025440043,170.30177,182.5878540948052,171.07487
2024-05-02,171.69926693100732,167.05385,185.77280978325868,168.91373,181.49304025440043,167.89104,182.5878540948052,168.60469,181.9906787165348,169.58885
2024-05-03,185.77280978325868,167.23784,181.49304025440043,169.24237,182.5878540948052,168.05249,181.9906787165348,169.01846,181.7020426329725,169.77318
2024-05-06,181.49304025440043,176.04573,182.5878540948052,178.04144,181.9906787165348,175.92046,181.7020426329725,177.6871,184.2806378369833,177.62163
2024-05-07,182.5878540948052,180.0275,181.9906787165348,181.6989,181.7020426329725,179.75633,184.2806378369833,180.80208,184.8188233059542,181.24547
2024-05-08,181.9906787165348,180.31499,181.7020426329725,181.79521,184.2806378369833,180.28178,184.8188233059542,180.61902,186.8819036535792,181.62863
2024-05-09,181.7020426329725,178.79237,184.2806378369833,180.30411,184.8188233059542,179.0493,186.8819036535792,179.15062,187.28056849688068,180.28035
2024-05-10,184.2806378369833,177.85396,184.8188233059542,179.53485,186.8819036535792,178.21545,187.28056849688068,178.57884,189.83199615864385,179.39677
2024-05-13,184.8188233059542,177.48492,186.8819036535792,179.35208,187.28056849688068,177.8727,189.83199615864385,178.56888,188.875198802712,179.05238
2024-05-14,186.8819036535792,179.0367,187.28056849688068,181.02664,189.83199615864385,179.24872,188.875198802712,180.3364,188.6958217839837,180.46918
2024-05-15,187.28056849688068,181.30658,189.83199615864385,183.28336,188.875198802712,181.32439,188.6958217839837,182.54475,190.4499145429012,182.54791
2024-05-16,189.83199615864385,183.29645,188.875198802712,185.2078,188.6958217839837,183.21448,190.4499145429012,184.35577,191.625965130265,184.46227
2024-05-17,188.875198802712,184.97455,188.6958217839837,186.81093,190.4499145429012,184.83516,191.625965130265,185.83607,190.3402701697929,186.07692
2024-05-20,188.6958217839837,185.00629,190.4499145429012,186.81596,191.625965130265,184.995,190.3402701697929,185.7696,188.1875250894915,186.22621
2024-05-21,190.4499145429012,184.78687,191.625965130265,186.6369,190.3402701697929,184.8682,188.1875250894915,185.6314,190.8684893929941,186.11237
2024-05-22,191.625965130265,185.58046,190.3402701697929,187.48238,188.1875250894915,185.6038,190.8684893929941,186.53174,188.97487295416656,186.8562
2024-05-23,190.3402701697929,185.64088,188.1875250894915,187.57883,190.8684893929941,185.72368,188.97487295416656,186.63043,190.1210227262773,186.98009
2024-05-24,188.1875250894915,183.29536,190.8684893929941,185.33598,188.97487295416656,183.7109,190.1210227262773,184.42575,190.79873376551856,185.02843
2024-05-28,190.8684893929941,183.04317,188.97487295416656,185.16455,190.1210227262773,183.41965,190.79873376551856,184.40506,192.25384615761888,184.76408
2024-05-29,188.97487295416656,184.2086,190.1210227262773,186.33902,190.79873376551856,184.42828,192.25384615761888,185.60721,193.9880117607724,185.7885
2024-05-30,190.1210227262773,184.98376,190.79873376551856,187.05315,192.25384615761888,185.14282,193.9880117607724,186.24457,194.7454708275224,186.50871
2024-05-31,190.79873376551856,185.92252,192.25384615761888,187.91316,193.9880117607724,186.00217,194.7454708275224,187.02531,195.0345211925245,187.36656
2024-06-03,192.25384615761888,186.38959,193.9880117607724,188.32973,194.7454708275224,186.4626,195.0345211925245,187.35677,193.99796669662615,187.84764
2024-06-04,193.9880117607724,188.27795,194.7454708275224,190.1167,195.0345211925245,188.14407,193.99796669662615,189.06825,196.2404356269631,189.47375
2024-06-05,194.7454708275224,189.26353,195.0345211925245,191.01093,193.99796669662615,189.09488,196.2404356269631,189.8436,193.00133588013964,190.35922
2024-06-06,195.0345211925245,190.28061,193.99796669662615,191.98734,196.2404356269631,190.06613,193.00133588013964,190.7432,206.6753885384406,191.29416
2024-06-07,193.99796669662615,189.99673,196.2404356269631,191.71196,193.00133588013964,189.88812,206.6753885384406,190.4165,214.02069454325613,191.08102
2024-06-10,196.2404356269631,189.87085,193.00133588013964,191.64423,206.6753885384406,189.80052,214.02069454325613,190.38808,213.13367378271624,190.99384
2024-06-11,193.00133588013964,188.79666,206.6753885384406,190.69089,214.02069454325613,188.87901,213.13367378271624,189.44159,212.65527993528357,190.13707
2024-06-12,206.6753885384406,193.42506,214.02069454325613,195.25494,213.13367378271624,192.89882,212.65527993528357,193.99467,216.86113841241476,194.18878
2024-06-13,214.02069454325613,205.16895,213.13367378271624,206.54594,212.65527993528357,203.35399,216.86113841241476,204.75464,213.21339445126264,204.47372
2024-06-14,213.13367378271624,212.12827,212.65527993528357,212.80862,216.86113841241476,209.93404,213.21339445126264,210.10632,209.6852627905662,210.59984
2024-06-17,212.65527993528357,210.71268,216.86113841241476,211.0803,213.21339445126264,209.12593,209.6852627905662,207.9085,207.02421872275744,209.44524
2024-06-18,216.86113841241476,208.99992,213.21339445126264,209.53154,209.6852627905662,207.71426,207.02421872275744,206.50073,208.44940858434205,207.90788
2024-06-20,213.21339445126264,207.67267,209.6852627905662,208.53539,207.02421872275744,206.53192,208.44940858434205,205.7466,210.79155216910212,206.65314
2024-06-21,209.6852627905662,203.66302,207.02421872275744,204.93509,208.44940858434205,202.97908,210.79155216910212,202.41087,213.97087836680484,203.1285
2024-06-24,207.02421872275744,200.24117,208.44940858434205,202.07216,210.79155216910212,199.81612,213.97087836680484,199.79352,215.0472324898511,200.29579
2024-06-25,208.44940858434205,202.06108,210.79155216910212,203.87225,213.97087836680484,201.07718,215.0472324898511,201.747,211.37956216985052,201.45007
2024-06-26,210.79155216910212,203.06601,213.97087836680484,204.66365,215.0472324898511,201.87402,211.37956216985052,202.49512,215.4259559559557,202.08542
2024-06-27,213.97087836680484,204.90181,215.0472324898511,206.2913,211.37956216985052,203.47903,215.4259559559557,204.10597,219.26308073535037,203.64568
2024-06-28,215.0472324898511,206.60689,211.37956216985052,207.8385,215.4259559559557,205.06857,219.26308073535037,205.59346,220.90754038733803,205.22227
2024-07-01,211.37956216985052,205.61046,215.4259559559557,206.86717,219.26308073535037,204.36394,220.90754038733803,204.56995,226.32931907748747,204.6139
2024-07-02,215.4259559559557,206.90701,219.26308073535037,208.17735,220.90754038733803,205.53688,226.32931907748747,205.97005,227.1664984715379,205.83359
2024-07-03,219.26308073535037,210.06148,220.90754038733803,211.26155,226.32931907748747,208.40671,227.1664984715379,209.0145,228.5319341376685,208.69424
2024-07-05,220.90754038733803,213.11052,226.32931907748747,214.17894,227.1664984715379,211.28523,228.5319341376685,211.75208,230.61492037011672,211.51884
2024-07-08,226.32931907748747,216.29102,227.1664984715379,217.24968,228.5319341376685,214.31985,230.61492037011672,214.61879,228.1531925563972,214.5398
2024-07-09,227.1664984715379,218.71935,228.5319341376685,219.60297,230.61492037011672,216.715,228.1531925563972,216.74834,235.68787221439837,216.90523
2024-07-10,228.5319341376685,220.3871,230.61492037011672,221.24428,228.1531925563972,218.40727,235.68787221439837,218.21043,234.2128217621178,218.5405
2024-07-11,230.61492037011672,222.78267,228.1531925563972,223.64294,235.68787221439837,220.68274,234.2128217621178,220.46997,228.68140979310064,220.77577
2024-07-12,228.1531925563972,221.24492,235.68787221439837,222.20348,234.2128217621178,219.53421,228.68140979310064,218.90349,229.50865061099643,219.60324
2024-07-15,235.68787221439837,221.30309,234.2128217621178,222.38676,228.68140979310064,219.57928,229.50865061099643,219.1723,224.06692564873424,219.62895
2024-07-16,234.2128217621178,224.99496,228.68140979310064,226.08876,229.50865061099643,222.83476,224.06692564873424,222.80942,226.24957960487183,222.83676
2024-07-17,228.68140979310064,226.11598,229.50865061099643,227.11649,224.06692564873424,223.99562,226.24957960487183,223.60422,223.61843101438217,223.88696
2024-07-18,229.50865061099643,221.29926,224.06692564873424,222.42221,226.24957960487183,219.88574,223.61843101438217,218.93582,223.24968592545983,219.80351
2024-07-19,224.06692564873424,216.85878,226.24957960487183,218.2745,223.61843101438217,215.81825,223.24968592545983,215.16187,218.19665359620475,215.86191
2024-07-22,226.24957960487183,215.19604,223.61843101438217,216.81883,223.24968592545983,214.10005,218.19665359620475,214.04962,217.96741565742545,214.20004
2024-07-23,223.61843101438217,215.71603,223.24968592545983,217.36075,218.19665359620475,214.39246,217.96741565742545,214.71451,216.23326096996,214.51741
2024-07-24,223.24968592545983,216.26976,218.19665359620475,217.79839,217.96741565742545,214.82903,216.23326096996,215.12143,218.45578591171196,214.95374
2024-07-25,218.19665359620475,213.19797,217.96741565742545,214.70702,216.23326096996,212.1513,218.45578591171196,212.02014,220.6982497488722,212.35907
2024-07-26,217.96741565742545,210.16743,216.23326096996,211.73642,218.45578591171196,209.34764,220.6982497488722,209.2584,223.61843367222977,209.64514
2024-07-29,216.23326096996,209.77611,218.45578591171196,211.3708,220.6982497488722,208.81384,223.61843367222977,209.09152,218.41592196270943,209.15575
2024-07-30,218.45578591171196,210.02995,220.6982497488722,211.56264,223.61843367222977,208.9439,218.41592196270943,209.32709,198.42310739676373,209.29774
2024-07-31,220.6982497488722,210.95598,223.61843367222977,212.38771,218.41592196270943,209.7335,198.42310739676373,210.11641,204.612330181792,210.11255
2024-08-01,223.61843367222977,214.20518,218.41592196270943,215.48964,198.42310739676373,212.62256,204.612330181792,213.06891,206.2069550428707,213.00618
2024-08-02,218.41592196270943,214.14891,198.42310739676373,215.33957,204.612330181792,212.76102,206.2069550428707,212.66418,212.39614722358988,213.14555
2024-08-05,198.42310739676373,213.72867,204.612330181792,214.95361,206.2069550428707,212.45946,212.39614722358988,212.18935,211.38955402452132,212.90382
2024-08-06,204.612330181792,201.82489,206.2069550428707,203.31813,212.39614722358988,201.95604,211.38955402452132,200.7796,215.59550663031672,202.50833
2024-08-07,206.2069550428707,198.16661,212.39614722358988,199.91095,211.38955402452132,198.10513,215.59550663031672,198.12729,218.5290263212716,198.70503
2024-08-08,212.39614722358988,200.82718,211.38955402452132,202.53955,215.59550663031672,200.04752,218.5290263212716,201.03123,220.08562480803565,200.54312
2024-08-09,211.38955402452132,204.99945,215.59550663031672,206.41171,218.5290263212716,203.67244,220.08562480803565,204.72665,224.10676986474732,204.04489
2024-08-12,215.59550663031672,208.26997,218.5290263212716,209.33722,220.08562480803565,206.70258,224.10676986474732,207.33246,223.42826155403992,206.99977
2024-08-13,218.5290263212716,211.13853,220.08562480803565,211.97794,224.10676986474732,209.43936,223.42826155403992,209.68636,225.2243113108782,209.70674
2024-08-14,220.08562480803565,213.89354,224.10676986474732,214.6433,223.42826155403992,212.10654,225.2243113108782,212.10825,225.27420804373648,212.36543
2024-08-15,224.10676986474732,214.93208,223.42826155403992,215.71039,225.2243113108782,213.27245,225.27420804373648,212.98346,226.02254833732331,213.52747
2024-08-16,223.42826155403992,216.82895,225.2243113108782,217.70377,225.27420804373648,215.1201,226.02254833732331,214.87631,227.2897617611708,215.37865
2024-08-19,225.2243113108782,217.9056,225.27420804373648,218.8782,226.02254833732331,216.24667,227.2897617611708,215.93416,225.16444130741013,216.4833
2024-08-20,225.27420804373648,217.62903,226.02254833732331,218.72646,227.2897617611708,216.13953,225.16444130741013,215.74373,226.2620154817008,216.36867
2024-08-21,226.02254833732331,218.08078,227.2897617611708,219.29483,225.16444130741013,216.58209,226.2620154817008,216.34308,225.5036798955901,216.80058
2024-08-22,227.2897617611708,218.1034,225.16444130741013,219.42102,226.2620154817008,216.65974,225.5036798955901,216.47417,227.4194670399241,216.88434
2024-08-23,225.16444130741013,217.43192,226.2620154817008,218.85939,225.5036798955901,216.11601,227.4194670399241,215.92842,229.59470189609323,216.37918
2024-08-26,226.2620154817008,217.69023,225.5036798955901,219.17107,227.4194670399241,216.33093,229.59470189609323,216.28755,229.6844899472923,216.60977
2024-08-27,225.5036798955901,217.9046,227.4194670399241,219.37604,229.59470189609323,216.52701,229.6844899472923,216.50352,228.0480822473274,216.79535
2024-08-28,227.4194670399241,218.59265,229.59470189609323,220.01569,229.6844899472923,217.13567,228.0480822473274,217.13844,221.17322424578344,217.4004
2024-08-29,229.59470189609323,219.1526,229.6844899472923,220.52434,228.0480822473274,217.65874,221.17322424578344,217.58823,221.14327916881817,217.92119
2024-08-30,229.6844899472923,221.66945,228.0480822473274,222.95837,221.17322424578344,219.90314,221.14327916881817,219.90736,223.4581991238727,220.15677
2024-09-03,228.0480822473274,221.78925,221.17322424578344,223.01186,221.14327916881817,220.13475,223.4581991238727,219.7726,220.33506702469683,220.35625
2024-09-04,221.17322424578344,217.88731,221.14327916881817,219.18347,223.4581991238727,216.76236,220.33506702469683,215.97191,218.4392435287618,216.99135
2024-09-05,221.14327916881817,212.76555,223.4581991238727,214.29355,220.33506702469683,212.10255,218.4392435287618,211.43051,220.9736588702828,212.38731
2024-09-06,223.4581991238727,213.36526,220.33506702469683,215.01064,218.4392435287618,212.31813,220.9736588702828,212.48604,222.01136566399225,212.62627
2024-09-09,220.33506702469683,213.92819,218.4392435287618,215.54646,220.9736588702828,212.74315,222.01136566399225,213.01001,223.08901316997165,213.05081
2024-09-10,218.4392435287618,212.69154,220.9736588702828,214.26271,222.01136566399225,211.64552,223.08901316997165,211.6921,216.0644583037111,212.00719
2024-09-11,220.9736588702828,212.31444,222.01136566399225,213.80838,223.08901316997165,211.21303,216.0644583037111,211.28079,215.27619443719672,211.59467
2024-09-12,222.01136566399225,213.80222,223.08901316997165,215.16068,216.0644583037111,212.44812,215.27619443719672,212.63261,217.0722490372817,212.79474
2024-09-13,223.08901316997165,215.1425,216.0644583037111,216.34662,215.27619443719672,213.6568,217.0722490372817,213.71106,224.49591687958383,213.94423
2024-09-16,216.0644583037111,215.96886,215.27619443719672,217.08484,217.0722490372817,214.45297,224.49591687958383,214.3347,229.46496974860835,214.71169
2024-09-17,215.27619443719672,210.46805,217.0722490372817,211.74655,224.49591687958383,209.69896,229.46496974860835,209.03291,226.8407407931877,210.04918
2024-09-18,217.0722490372817,208.38283,224.49591687958383,209.88564,229.46496974860835,207.62476,226.8407407931877,207.51907,228.147869614878,208.08229
2024-09-19,224.49591687958383,211.17285,229.46496974860835,212.71674,226.8407407931877,209.90265,228.147869614878,210.4576,224.43603888049125,210.38068
2024-09-20,229.46496974860835,218.79784,226.8407407931877,220.06305,228.147869614878,216.64897,224.43603888049125,217.49094,226.80083714120576,217.03946
2024-09-23,226.8407407931877,223.20526,228.147869614878,224.37582,224.43603888049125,220.90648,226.80083714120576,220.97818,227.9582911728241,221.53748
2024-09-24,228.147869614878,225.66818,224.43603888049125,226.33441,226.80083714120576,223.18831,227.9582911728241,222.33484,229.53482055042812,223.40192
2024-09-25,224.43603888049125,223.01259,226.80083714120576,223.49852,227.9582911728241,220.9881,229.53482055042812,219.38658,229.01597026460064,220.83481
2024-09-26,226.80083714120576,218.20413,227.9582911728241,218.91028,229.53482055042812,216.67963,229.01597026460064,215.17575,225.39393750024195,216.40065
2024-09-27,227.9582911728241,216.9703,229.53482055042812,217.9903,229.01597026460064,215.36491,225.39393750024195,214.7625,224.6455731013804,215.09221
2024-09-30,229.53482055042812,217.94194,229.01597026460064,219.1537,225.39393750024195,216.13097,224.6455731013804,216.15889,227.39951613756347,215.89664
2024-10-01,229.01597026460064,221.37091,225.39393750024195,222.58722,224.6455731013804,219.19214,227.39951613756347,219.57018,224.0069821228032,219.03189
2024-10-02,225.39393750024195,219.37695,224.6455731013804,220.61272,227.39951613756347,217.66577,224.0069821228032,217.44539,223.8074274254469,217.60287
2024-10-03,224.6455731013804,217.6016,227.39951613756347,218.89528,224.0069821228032,216.09735,223.8074274254469,215.89133,224.7353864657012,216.11131
2024-10-04,227.39951613756347,216.5969,224.0069821228032,217.97894,223.8074274254469,215.16444,224.7353864657012,215.16031,227.27979028338345,215.24373
2024-10-07,224.0069821228032,217.51251,223.8074274254469,218.91446,224.7353864657012,215.93617,227.27979028338345,216.18547,228.79644988971887,216.06725
2024-10-08,223.8074274254469,215.57245,224.7353864657012,217.01009,227.27979028338345,214.29636,228.79644988971887,214.26709,228.19775690140835,214.48528
2024-10-09,224.7353864657012,216.31711,227.27979028338345,217.75664,228.79644988971887,214.88461,228.19775690140835,215.1084,233.0969778733182,215.1258
2024-10-10,227.27979028338345,219.04149,228.79644988971887,220.36139,228.19775690140835,217.29219,233.0969778733182,217.64397,231.09139869260775,217.52138
2024-10-11,228.79644988971887,220.87599,228.19775690140835,222.03961,233.0969778733182,219.03247,231.09139869260775,219.11636,232.9173703418766,219.22562
2024-10-14,228.19775690140835,220.89143,233.0969778733182,222.00093,231.09139869260775,219.19012,232.9173703418766,218.92589,235.66131853389135,219.38353
2024-10-15,233.0969778733182,221.9902,231.09139869260775,223.09967,232.9173703418766,220.2123,235.66131853389135,219.97775,233.9351372634737,220.41542
2024-10-16,231.09139869260775,225.49686,232.9173703418766,226.55696,235.66131853389135,223.37015,233.9351372634737,223.25887,233.376366009758,223.56047
2024-10-17,232.9173703418766,224.64502,235.66131853389135,225.65538,233.9351372634737,222.80772,233.376366009758,222.13466,233.56595129753524,222.90425
2024-10-18,235.66131853389135,224.02037,233.9351372634737,225.07799,233.376366009758,222.27742,233.56595129753524,221.60194,229.47495899723685,222.34142
2024-10-21,233.9351372634737,225.85184,233.376366009758,226.95851,233.56595129753524,223.8769,229.47495899723685,223.49019,229.2354789664412,223.91664
2024-10-22,233.376366009758,227.16841,233.56595129753524,228.23479,229.47495899723685,225.1051,229.2354789664412,224.64273,232.80762499530724,225.0753
2024-10-23,233.56595129753524,226.43924,229.47495899723685,227.49524,229.2354789664412,224.53745,232.80762499530724,223.84996,232.58810476348472,224.47913
2024-10-24,229.47495899723685,223.14037,229.2354789664412,224.32445,232.80762499530724,221.64789,232.58810476348472,220.79419,232.09916306464564,221.63733
2024-10-25,229.2354789664412,221.05832,232.80762499530724,222.39713,232.58810476348472,219.66206,232.09916306464564,219.13577,228.83635490362704,219.68445
2024-10-28,232.80762499530724,221.57101,232.58810476348472,222.96983,232.09916306464564,219.95927,228.83635490362704,219.8654,220.48472918772245,220.00818
2024-10-29,232.58810476348472,224.28091,232.09916306464564,225.58136,228.83635490362704,222.29958,220.48472918772245,222.39633,220.5046966292777,222.33376
2024-10-30,232.09916306464564,225.35359,228.83635490362704,226.50763,220.48472918772245,223.34624,220.5046966292777,223.11317,221.31291912362707,223.35262
2024-10-31,228.83635490362704,223.55222,220.48472918772245,224.69257,220.5046966292777,221.8548,221.31291912362707,221.21906,222.1211369530596,221.89688
2024-11-01,220.48472918772245,219.60062,220.5046966292777,220.9194,221.31291912362707,218.35078,222.1211369530596,217.5875,224.13670611072257,218.49518
2024-11-04,220.5046966292777,214.88237,221.31291912362707,216.44595,222.1211369530596,214.00195,224.13670611072257,213.43571,226.92049995960824,214.2525
2024-11-05,221.31291912362707,213.14136,222.1211369530596,214.8368,224.13670611072257,212.15535,226.92049995960824,212.16562,224.7528927426808,212.4534
2024-11-06,222.1211369530596,214.28047,224.13670611072257,215.90567,226.92049995960824,212.94588,224.7528927426808,213.36197,224.30339000560164,213.21638
2024-11-07,224.13670611072257,215.31331,226.92049995960824,216.79826,224.7528927426808,213.83134,224.30339000560164,214.16273,223.76397540644064,214.11617
2024-11-08,226.92049995960824,218.54828,224.7528927426808,219.80641,224.30339000560164,216.68771,223.76397540644064,217.01205,224.77287777547028,216.94498
2024-11-11,224.7528927426808,220.64613,224.30339000560164,221.698,223.76397540644064,218.6863,224.77287777547028,218.63132,226.15134020310103,218.88638
2024-11-12,224.30339000560164,218.06223,223.76397540644064,219.09966,224.77287777547028,216.588,226.15134020310103,215.93355,225.00261496304853,216.78833
2024-11-13,223.76397540644064,216.87454,224.77287777547028,218.04716,226.15134020310103,215.49654,225.00261496304853,215.04741,226.7307063420897,215.7412
2024-11-14,224.77287777547028,216.80185,226.15134020310103,218.09879,225.00261496304853,215.38617,226.7307063420897,215.20467,227.80951934283004,215.65475
2024-11-15,226.15134020310103,218.90175,225.00261496304853,220.18529,226.7307063420897,217.20576,227.80951934283004,217.27965,228.6286329426038,217.45258
2024-11-18,225.00261496304853,218.66364,226.7307063420897,219.92503,227.80951934283004,217.09447,228.6286329426038,216.88837,227.80952873867184,217.3248
2024-11-19,226.7307063420897,219.54636,227.80951934283004,220.7694,228.6286329426038,217.87813,227.80952873867184,217.71077,231.2058026888721,218.09464
2024-11-20,227.80951934283004,220.53185,228.6286329426038,221.70706,227.80952873867184,218.78659,231.2058026888721,218.58308,233.07373841155265,218.95845
2024-11-21,228.6286329426038,220.60556,227.80952873867184,221.75784,231.2058026888721,218.92136,233.07373841155265,218.59372,234.21249554010248,219.0624
2024-11-22,227.80952873867184,220.28575,231.2058026888721,221.4691,233.07373841155265,218.68573,234.21249554010248,218.3227,234.5521145499528,218.83069
2024-11-25,231.2058026888721,221.11755,233.07373841155265,222.32,234.21249554010248,219.41985,234.5521145499528,219.19014,237.00941446483552,219.55765
2024-11-26,233.07373841155265,223.37953,234.21249554010248,224.58371,234.5521145499528,221.45879,237.00941446483552,221.33788,239.54662188503684,221.64326
2024-11-27,234.21249554010248,227.03043,234.5521145499528,228.04385,237.00941446483552,224.7375,239.54662188503684,224.53664,242.60325739533928,224.80887
2024-11-29,234.5521145499528,227.84987,237.00941446483552,228.69737,239.54662188503684,225.63393,242.60325739533928,224.92918,243.7220401321925,225.56775
2024-12-02,237.00941446483552,227.98843,239.54662188503684,228.78343,242.60325739533928,225.8365,243.7220401321925,224.97925,242.6432183998472,225.6899
2024-12-03,239.54662188503684,229.56956,242.60325739533928,230.38695,243.7220401321925,227.26178,242.6432183998472,226.57747,241.56440918324205,227.09138
2024-12-04,242.60325739533928,232.0207,243.7220401321925,232.78946,242.6432183998472,229.49329,241.56440918324205,228.87074,246.61884065291167,229.25601
2024-12-05,243.7220401321925,233.81326,242.6432183998472,234.52466,241.56440918324205,231.21199,246.61884065291167,230.42485,247.68767076725757,230.9137
2024-12-06,242.6432183998472,234.43507,241.56440918324205,235.13225,246.61884065291167,231.89244,247.68767076725757,230.8963,246.6188509234006,231.54265
2024-12-09,241.56440918324205,233.97101,246.61884065291167,234.72517,247.68767076725757,231.5625,246.6188509234006,230.46143,247.54782582286597,231.18295
2024-12-10,246.61884065291167,234.67273,247.68767076725757,235.46547,246.6188509234006,232.16759,247.54782582286597,231.2543,247.71764416028492,231.77469
2024-12-11,247.68767076725757,237.01114,246.6188509234006,237.75218,247.54782582286597,234.23334,247.71764416028492,233.47516,249.80533943156325,233.78726
2024-12-12,246.6188509234006,238.16058,247.54782582286597,238.83163,247.71764416028492,235.36156,249.80533943156325,234.37093,251.88305927654204,234.86067
2024-12-13,247.54782582286597,237.91983,247.71764416028492,238.56305,249.80533943156325,235.23383,251.88305927654204,234.03105,247.2281772707384,234.68188
2024-12-16,247.71764416028492,237.79771,249.80533943156325,238.46986,251.88305927654204,235.1385,247.2281772707384,233.97046,247.76758181309802,234.56883
2024-12-17,249.80533943156325,239.16048,251.88305927654204,239.84074,247.2281772707384,236.32344,247.76758181309802,235.33832,254.49020366493687,235.75809
2024-12-18,251.88305927654204,241.82791,247.2281772707384,242.39748,247.76758181309802,238.69188,254.49020366493687,237.74727,255.2094124344067,238.07907
2024-12-19,247.2281772707384,241.01889,247.76758181309802,241.53105,254.49020366493687,238.12564,255.2094124344067,236.68396,257.90642916266114,237.46156
2024-12-20,247.76758181309802,239.54617,254.49020366493687,240.1123,255.2094124344067,236.82234,257.90642916266114,235.31578,257.54682582842287,236.15134
2024-12-23,254.49020366493687,240.4258,255.2094124344067,241.0807,257.90642916266114,237.49724,257.54682582842287,236.32387,251.9529852424489,236.93524
2024-12-24,255.2094124344067,245.78308,257.90642916266114,246.1185,257.54682582842287,242.08185,251.9529852424489,241.12741,252.16275955239965,241.28606
2024-12-26,257.90642916266114,248.08607,257.54682582842287,248.05084,251.9529852424489,244.2919,252.16275955239965,242.6878,248.65660659999045,243.19783
2024-12-27,257.54682582842287,248.52623,251.9529852424489,248.3424,252.16275955239965,244.82408,248.65660659999045,242.84354,243.09272766113278,243.59349
2024-12-30,251.9529852424489,245.25726,252.16275955239965,245.24435,248.65660659999045,242.07692,243.09272766113278,239.84459,244.04168187374518,240.86018
2024-12-31,252.16275955239965,240.94772,248.65660659999045,241.30083,243.09272766113278,238.2175,244.04168187374518,236.27614,242.7131436195086,237.1097
2025-01-02,248.65660659999045,239.15442,243.09272766113278,239.84084,244.04168187374518,236.45068,242.7131436195086,235.19627,241.6542990502637,235.48898
2025-01-03,243.09272766113278,234.65715,244.04168187374518,235.64796,242.7131436195086,232.4395,241.6542990502637,231.25815,239.7463920626497,231.6376
2025-01-06,244.04168187374518,232.5056,242.7131436195086,233.67958,241.6542990502637,230.31433,239.7463920626497,229.61938,233.27352322575203,229.65794
2025-01-07,242.7131436195086,234.2549,241.6542990502637,235.39267,239.7463920626497,231.6637,233.27352322575203,231.42355,234.49217517741417,231.08775
2025-01-08,241.6542990502637,234.07884,239.7463920626497,235.07622,233.27352322575203,231.53345,234.49217517741417,230.96857,234.38230107288464,230.97627
2025-01-10,239.7463920626497,233.28172,233.27352322575203,234.17468,234.49217517741417,230.81778,234.38230107288464,230.05482,237.089336348529,230.29953
2025-01-13,233.27352322575203,228.8357,234.49217517741417,229.81882,234.38230107288464,226.91327,237.089336348529,225.82645,231.86506609768284,226.50432
2025-01-14,234.49217517741417,224.60265,234.38230107288464,225.75885,237.089336348529,222.98715,231.86506609768284,222.13342,223.75398423747347,222.6932
2025-01-15,234.38230107288464,224.72473,237.089336348529,225.95126,231.86506609768284,222.82387,223.75398423747347,222.59344,219.54859611049605,222.588
2025-01-16,237.089336348529,227.67114,231.86506609768284,228.7582,223.75398423747347,225.32027,219.54859611049605,225.34827,224.493183388126,225.06302
2025-01-17,231.86506609768284,225.02519,223.75398423747347,226.06404,219.54859611049605,223.15256,224.493183388126,222.45634,224.53312753788663,222.94598
2025-01-21,223.75398423747347,222.93431,219.54859611049605,224.04944,224.493183388126,221.24512,224.53312753788663,220.5512,223.7739617116392,221.12125
2025-01-22,219.54859611049605,216.25473,224.493183388126,217.6321,224.53312753788663,215.28436,223.7739617116392,214.35431,230.59647127201652,215.30203
2025-01-23,224.493183388126,214.53389,224.53312753788663,216.03818,223.7739617116392,213.36119,230.59647127201652,213.1803,233.8628715636517,213.44548
2025-01-24,224.53312753788663,216.46942,223.7739617116392,217.89458,230.59647127201652,214.82394,233.8628715636517,215.12547,238.40787147181928,214.87747
2025-01-27,223.7739617116392,216.95808,230.59647127201652,218.21284,233.8628715636517,215.25073,238.40787147181928,215.30302,246.91852728753366,215.26099
2025-01-28,230.59647127201652,220.17583,233.8628715636517,221.23085,238.40787147181928,218.07487,246.91852728753366,218.18604,229.73741895869952,218.10175
2025-01-29,233.8628715636517,227.86726,238.40787147181928,228.51135,246.91852728753366,224.92618,229.73741895869952,225.09494,227.00041910872287,224.81303
2025-01-30,238.40787147181928,231.5524,246.91852728753366,231.77588,229.73741895869952,228.5286,227.00041910872287,227.81366,228.2790158263464,228.17113
2025-01-31,246.91852728753366,231.81053,229.73741895869952,231.93513,227.00041910872287,229.06793,228.2790158263464,227.70683,231.0359788855247,228.60097
2025-02-03,229.73741895869952,231.10774,227.00041910872287,231.42805,228.2790158263464,228.66019,231.0359788855247,227.15866,232.3445476829273,228.21184
2025-02-04,227.00041910872287,222.28447,228.2790158263464,223.083,231.0359788855247,221.0237,232.3445476829273,219.06741,229.57000732421875,220.59901
2025-02-05,228.2790158263464,220.12999,231.0359788855247,221.3149,232.3445476829273,218.71529,229.57000732421875,217.99223,228.1999969482422,218.35675
2025-02-06,231.0359788855247,220.87006,232.3445476829273,222.1869,229.57000732421875,219.13594,228.1999969482422,219.15196,231.1999969482422,218.77979
2025-02-07,232.3445476829273,223.0329,229.57000732421875,224.25107,228.1999969482422,220.98018,231.1999969482422,221.20677,236.91000366210935,220.63197
2025-02-10,229.57000732421875,221.9061,228.1999969482422,223.05878,231.1999969482422,220.1072,236.91000366210935,219.8951,241.25,219.83179
2025-02-11,228.1999969482422,220.58617,231.1999969482422,221.77858,236.91000366210935,218.96016,241.25,218.67638,244.14999389648438,218.79387
2025-02-12,231.1999969482422,222.36037,236.91000366210935,223.54913,241.25,220.47571,244.14999389648438,220.49747,244.66000366210935,220.40187
2025-02-13,236.91000366210935,226.03291,241.25,227.04646,244.14999389648438,223.75575,244.66000366210935,223.83167,244.94000244140625,223.66328
2025-02-14,241.25,231.2566,244.14999389648438,231.96762,244.66000366210935,228.51141,244.94000244140625,228.4033,245.9499969482422,228.33844
2025-02-18,244.14999389648438,235.91333,244.66000366210935,236.2908,244.94000244140625,232.87415,245.9499969482422,232.26099,244.92999267578122,232.54541
2025-02-19,244.66000366210935,236.721,244.94000244140625,236.96129,245.9499969482422,233.90071,244.92999267578122,232.57875,247.99999999999997,233.45851
2025-02-20,244.94000244140625,236.45454,245.9499969482422,236.74744,244.92999267578122,233.80597,247.99999999999997,232.29753,244.3300018310547,233.28464
2025-02-21,245.9499969482422,236.1942,244.92999267578122,236.65219,247.99999999999997,233.62682,244.3300018310547,232.25523,239.41000366210938,233.06593
2025-02-24,244.92999267578122,236.37457,247.99999999999997,237.0225,244.3300018310547,233.8068,239.41000366210938,232.6525,236.9499969482422,233.26807
2025-02-25,247.99999999999997,236.72516,244.3300018310547,237.47804,239.41000366210938,234.12306,236.9499969482422,233.095,241.78999328613278,233.58781
2025-02-26,244.3300018310547,237.56058,239.41000366210938,238.33026,236.9499969482422,234.86539,241.78999328613278,233.89812,237.7100067138672,234.31096
2025-02-27,239.41000366210938,233.24934,236.9499969482422,234.14467,241.78999328613278,231.15807,237.7100067138672,229.75362,235.4199981689453,230.60986
2025-02-28,236.9499969482422,229.20018,241.78999328613278,230.3339,237.7100067138672,227.42502,235.4199981689453,226.30069,234.44000244140625,226.97028
2025-03-03,241.78999328613278,227.34251,237.7100067138672,228.61356,235.4199981689453,225.55498,234.44000244140625,224.97404,235.1100006103516,225.1891
2025-03-04,237.7100067138672,229.4996,235.4199981689453,230.68658,234.44000244140625,227.27142,235.1100006103516,227.13925,235.5399932861328,226.9118
2025-03-05,235.4199981689453,228.88692,234.44000244140625,229.95009,235.1100006103516,226.78964,235.5399932861328,226.2576,223.80999755859372,226.41798
2025-03-06,234.44000244140625,226.29932,235.1100006103516,227.30833,235.5399932861328,224.49031,223.80999755859372,223.6855,220.13999938964844,224.15369
2025-03-07,235.1100006103516,226.5799,235.5399932861328,227.56128,223.80999755859372,224.58228,220.13999938964844,224.07632,215.9499969482422,224.2798
2025-03-10,235.5399932861328,229.17651,223.80999755859372,230.02347,220.13999938964844,226.80293,215.9499969482422,226.47769,211.25,226.47404
