Formatted_Date;True_Close;Predicted_Close
2020/5/22;7.759.740.447.998.040;7.773.889
2020/5/26;7.707.180.786.132.810;77.609
2020/5/27;774.075.927.734.375;7.784.957
2020/5/28;7.744.168.090.820.310;77.378.624
2020/5/29;773.662.338.256.836;7.747.146
2020/6/1;7.831.768.798.828.120;7.755.921
2020/6/2;7.868.023.681.640.620;7.793.044
2020/6/3;7.911.339.569.091.790;7.836.392
2020/6/4;7.843.205.261.230.460;7.901.332
2020/6/5;8.066.588.592.529.290;79.009.735
2020/6/8;8.114.281.463.623.040;79.707.344
2020/6/9;8.370.513.153.076.170;8.066.132
2020/6/10;8.585.865.783.691.400;8.232.757
2020/6/11;8.173.652.648.925.780;8.499.987
2020/6/12;8.244.221.496.582.030;84.362.015
2020/6/15;834.617.919.921.875;8.339.721
2020/6/16;8.567.372.131.347.650;8.259.989
2020/6/17;8.555.450.439.453.120;842.668
2020/6/18;8.558.856.964.111.320;8.569.249
2020/6/19;8.509.945.678.710.930;8.584.015
2020/6/22;8.732.595.825.195.310;85.486.115
2020/6/23;8.918.993.377.685.540;8.626.369
2020/6/24;8.761.553.955.078.120;8.846.278
2020/6/25;887.786.865.234.375;8.873.584
2020/6/26;8.605.088.806.152.340;8.844.769
2020/6/29;8.803.408.813.476.560;8.741.142
2020/6/30;887.689.437.866.211;86.866.135
2020/7/1;886.010.513.305.664;876.767
2020/7/2;886.010.513.305.664;88.570.015
2020/7/6;9.097.113.800.048.820;89.128
2020/7/7;9.068.888.854.980.460;9.040.096
2020/7/8;9.280.103.302.001.950;9.123.994
2020/7/9;9.320.011.138.916.010;92.230.415
2020/7/10;9.336.315.155.029.290;9.313.526
2020/7/13;9.293.244.171.142.570;93.203.835
2020/7/14;944.703.369.140.625;9.395.453
2020/7/15;951.200.180.053.711;9.349.963
2020/7/16;9.394.956.970.214.840;9.474.418
2020/7/17;9.375.975.799.560.540;942.647
2020/7/20;9.573.565.673.828.120;9.382.653
2020/7/21;9.441.436.004.638.670;94.319.466
2020/7/22;9.467.958.068.847.650;9.494.528
2020/7/23;903.700.942.993.164;946.476
2020/7/24;9.014.622.497.558.590;923.954
2020/7/27;9.228.272.247.314.450;8.932.505
2020/7/28;9.076.676.177.978.510;9.038.497
2020/7/29;9.250.660.705.566.400;9.101.487
2020/7/30;9.362.593.841.552.730;9.187.384
2020/7/31;1.034.275.131.225.580;9.269.671
2020/8/3;1.060.336.456.298.820;994.557
2020/8/4;10.674.175.262.451.100;10.614.211
2020/8/5;10.712.864.685.058.500;10.834.215
2020/8/6;11.086.627.960.205.000;108.063.805
2020/8/7;10.834.564.971.923.800;10.890.764
2020/8/10;10.992.044.830.322.200;10.878.893
2020/8/11;10.665.142.822.265.600;108.602.554
2020/8/12;11.019.590.759.277.300;10.717.655
2020/8/13;1.121.461.181.640.620;10.754.633
2020/8/14;1.120.461.654.663.080;110.085.556
2020/8/17;11.175.363.159.179.600;11.098.358
2020/8/18;11.268.484.497.070.300;111.630.615
2020/8/19;11.282.623.291.015.600;111.690.575
2020/8/20;1.153.298.110.961.910;11.232.035
2020/8/21;12.127.301.788.330.000;113.406.876
2020/8/24;12.272.350.311.279.200;11.731.759
2020/8/25;12.171.669.006.347.600;122.279.236
2020/8/26;1.233.719.253.540.030;12.224.276
2020/8/27;1.218.970.947.265.620;1.226.306
2020/8/28;12.169.964.599.609.300;12.204.987
2020/8/31;12.582.671.356.201.100;121.210.976
2020/9/1;13.083.876.037.597.600;12.317.265
2020/9/2;12.812.796.020.507.800;127.740.135
2020/9/3;11.786.994.171.142.500;12.931.937
2020/9/4;11.794.792.938.232.400;12.227.857
2020/9/8;11.001.063.537.597.600;11.514.985
2020/9/9;11.439.857.482.910.100;10.989.825
2020/9/10;1.106.639.633.178.710;11.089.833
2020/9/11;10.921.105.194.091.700;11.184.232
2020/9/14;1.124.874.038.696.280;11.001.687
2020/9/15;11.266.291.046.142.500;11.092.279
2020/9/16;10.933.781.433.105.400;112.898.224
2020/9/17;1.075.923.843.383.780;11.176.171
2020/9/18;1.041.795.425.415.030;10.842.329
2020/9/21;1.073.388.671.875;10.550.984
2020/9/22;1.090.257.797.241.210;104.082.886
2020/9/23;10.445.256.805.419.900;107.091.965
2020/9/24;10.552.518.463.134.700;10.697.971
2020/9/25;1.094.840.850.830.070;1.052.636
2020/9/28;11.209.735.107.421.800;106.794.106
2020/9/29;1.112.490.234.375;110.655.685
2020/9/30;11.292.617.797.851.500;11.201.966
2020/10/1;11.388.178.253.173.800;112.582.085
2020/10/2;11.020.567.321.777.300;11.370.783
2020/10/5;1.135.989.990.234.370;11.116.877
2020/10/6;11.034.217.834.472.600;1.112.705
2020/10/7;11.221.436.309.814.400;11.057.293
2020/10/8;11.210.710.906.982.400;11.093.299
2020/10/9;11.405.730.438.232.400;11.165.282
2020/10/12;12.130.231.475.830.000;1.124.401
2020/10/13;11.808.448.028.564.400;11.736.544
2020/10/14;11.817.222.595.214.800;11.951.745
2020/10/15;11.770.417.022.705.000;118.806.755
2020/10/16;1.160.562.515.258.780;11.684.966
2020/10/19;11.309.196.472.167.900;116.008.896
2020/10/20;1.145.838.623.046.870;11.412.035
2020/10/21;1.139.598.159.790.030;11.300.628
2020/10/22;11.286.767.578.125;11.296.155
2020/10/23;11.217.534.637.451.100;11.259.627
2020/10/26;11.218.509.674.072.200;11.198.198
2020/10/27;11.369.652.557.373.000;111.251.915
2020/10/28;10.843.096.923.828.100;11.217.851
2020/10/29;11.244.837.951.660.100;110.396.904
2020/10/30;10.614.925.384.521.400;11.068.272
2020/11/2;10.606.148.529.052.700;10.755.331
2020/11/3;10.768.991.088.867.100;1.057.431
2020/11/4;11.208.759.307.861.300;10.626.154
2020/11/5;11.606.600.952.148.400;109.951.126
2020/11/6;11.593.413.543.701.100;11.474.433
2020/11/9;1.136.191.864.013.670;11.623.302
2020/11/10;11.327.730.560.302.700;1.163.116
2020/11/11;1.167.155.532.836.910;11.381.523
2020/11/12;11.644.205.474.853.500;11.435.052
2020/11/13;11.649.091.339.111.300;11.557.746
2020/11/16;11.750.675.964.355.400;11.572.092
2020/11/17;11.661.788.177.490.200;116.056.496
2020/11/18;11.528.946.685.791.000;11.612.941
2020/11/19;1.158.852.996.826.170;11.528.595
2020/11/20;114.615.478.515.625;11.452.866
2020/11/23;1.112.065.200.805.660;11.421.602
2020/11/24;11.249.588.012.695.300;11.229.913
2020/11/25;11.333.589.935.302.700;11.094.718
2020/11/27;11.388.288.116.455.000;11.184.613
2020/11/30;11.628.578.186.035.100;11.317.525
2020/12/1;11.987.056.732.177.700;11.501.132
2020/12/2;12.022.222.137.451.100;118.294.975
2020/12/3;12.008.546.447.753.900;11.975.713
2020/12/4;11.941.146.850.585.900;12.027.241
2020/12/7;12.087.665.557.861.300;11.941.951
2020/12/8;12.149.202.728.271.400;11.953.669
2020/12/9;11.895.238.494.873.000;12.022.447
2020/12/10;12.037.848.663.330.000;11.964.056
2020/12/11;1.195.677.719.116.210;11.852.847
2020/12/14;11.895.238.494.873.000;11.802.011
2020/12/15;12.491.075.897.216.700;118.187.645
2020/12/16;12.484.237.670.898.400;121.343.056
2020/12/17;12.571.170.806.884.700;12.383.641
2020/12/18;12.371.908.569.335.900;125.384.674
2020/12/21;12.525.262.451.171.800;12.450.987
2020/12/22;12.881.788.635.253.900;123.062.355
2020/12/23;12.791.924.285.888.600;12.645.949
2020/12/24;12.890.579.223.632.800;12.779.834
2020/12/28;13.351.622.009.277.300;12.827.869
2020/12/29;13.173.846.435.546.800;13.073.605
2020/12/30;13.061.514.282.226.500;13.222.095
2020/12/31;12.960.906.982.421.800;13.105.447
2021/1/4;12.640.523.529.052.700;12.916.891
2021/1/5;1.279.680.633.544.920;12.635.544
2021/1/6;12.366.049.194.335.900;125.191.025
2021/1/7;12.788.018.035.888.600;1.234.065
2021/1/8;12.898.394.775.390.600;12.463.544
2021/1/11;12.598.519.134.521.400;127.046.745
2021/1/12;12.580.939.483.642.500;126.099.556
2021/1/13;1.278.508.529.663.080;12.492.608
2021/1/14;12.591.685.485.839.800;125.671.875
2021/1/15;12.418.792.724.609.300;12.591.753
2021/1/19;1.248.619.155.883.780;12.474.523
2021/1/20;12.896.441.650.390.600;12.395.224
2021/1/21;13.369.203.186.035.100;12.587.905
2021/1/22;1.358.409.423.828.120;13.106.375
2021/1/25;1.396.015.625;13.414.508
2021/1/26;13.983.596.801.757.800;13.776.442
2021/1/27;1.387.615.203.857.420;13.949.503
2021/1/28;13.390.692.138.671.800;13.877.039
2021/1/29;1.288.960.418.701.170;13.500.407
2021/2/1;131.025.390.625;12.921.927
2021/2/2;1.318.556.671.142.570;12.745.504
2021/2/3;1.308.300.323.486.320;12.900.056
2021/2/4;13.419.996.643.066.400;12.970.903
2021/2/5;13.378.419.494.628.900;13.155.835
2021/2/8;1.339.309.539.794.920;13.280.272
2021/2/9;133.050.537.109.375;13.270.094
2021/2/10;13.244.398.498.535.100;13.267.468
2021/2/11;1.321.896.514.892.570;13.195.897
2021/2/12;13.242.442.321.777.300;13.122.426
2021/2/16;1.302.918.701.171.870;1.306.128
2021/2/17;12.799.300.384.521.400;13.003.212
2021/2/18;12.688.762.664.794.900;12.735.894
2021/2/19;12.704.411.315.917.900;12.503.487
2021/2/22;12.325.833.129.882.800;12.512.213
2021/2/23;12.312.137.603.759.700;12.361.562
2021/2/24;12.262.246.704.101.500;120.536.865
2021/2/25;11.835.733.032.226.500;12.024.897
2021/2/26;11.862.145.233.154.200;119.452.896
2021/3/1;12.500.936.889.648.400;11.895.187
2021/3/2;1.223.974.838.256.830;1.216.345
2021/3/3;11.940.406.036.376.900;12.352.873
2021/3/4;11.751.605.987.548.800;1.215.502
2021/3/5;11.877.796.936.035.100;11.837.719
2021/3/8;11.382.806.396.484.300;116.882.034
2021/3/9;11.845.514.678.955.000;11.505.494
2021/3/10;11.736.929.321.289.000;116.141.525
2021/3/11;11.930.623.626.708.900;117.261.925
2021/3/12;11.839.645.385.742.100;11.885.468
2021/3/15;12.129.206.085.205.000;11.809.027
2021/3/16;12.283.766.174.316.400;119.117.226
2021/3/17;12.204.529.571.533.200;12.193.119
2021/3/18;11.790.734.100.341.700;12.178.158
2021/3/19;11.737.909.698.486.300;11.918.072
2021/3/22;1.207.051.239.013.670;11.682.966
2021/3/23;11.987.361.907.958.900;11.768.448
2021/3/24;11.747.691.345.214.800;11.904.552
2021/3/25;1.179.660.415.649.410;11.835.008
2021/3/26;11.857.254.791.259.700;117.112.686
2021/3/29;1.187.486.343.383.780;116.893.425
2021/3/30;11.729.105.377.197.200;11.779.688
2021/3/31;11.949.209.594.726.500;1.169.104
2021/4/1;12.032.360.076.904.200;118.227.905
2021/4/5;12.316.050.720.214.800;1.198.338
2021/4/6;12.346.376.037.597.600;121.498.825
2021/4/7;12.511.697.387.695.300;12.306.629
2021/4/8;12.752.344.512.939.400;12.371.156
2021/4/9;13.010.601.806.640.600;12.574.692
2021/4/12;1.283.843.231.201.170;12.774.392
2021/4/13;13.150.486.755.371.000;12.834.857
2021/4/14;12.915.711.975.097.600;12.945.984
2021/4/15;1.315.733.642.578.120;12.946.872
2021/4/16;1.312.407.684.326.170;12.995.222
2021/4/19;13.190.591.430.664.000;12.989.641
2021/4/20;13.021.360.778.808.500;12.996.289
2021/4/21;13.059.515.380.859.300;12.952.173
2021/4/22;129.069.091.796.875;12.862.122
2021/4/23;13.139.727.783.203.100;12.814.375
2021/4/26;13.178.858.947.753.900;12.890.793
2021/4/27;13.146.575.927.734.300;13.011.656
2021/4/28;1.306.733.856.201.170;13.071.257
2021/4/29;13.057.557.678.222.600;13.019.852
2021/4/30;12.859.951.782.226.500;13.044.093
2021/5/3;12.965.602.111.816.400;12.854.391
2021/5/4;12.506.808.471.679.600;12.828.777
2021/5/5;12.531.263.732.910.100;125.616.905
2021/5/6;12.691.693.115.234.300;12.457.628
2021/5/7;12.759.310.913.085.900;12.443.346
2021/5/10;12.430.061.340.332.000;12.613.608
2021/5/11;12.337.950.897.216.700;12.516.732
2021/5/12;1.203.025.894.165.030;122.105.934
2021/5/13;12.245.838.165.283.200;119.849.495
2021/5/14;12.488.854.217.529.200;1.207.001
2021/5/17;12.373.225.402.832.000;1.229.854
2021/5/18;12.234.080.505.371.000;12.347.336
2021/5/19;12.218.401.336.669.900;12.300.731
2021/5/20;12.475.135.803.222.600;12.130.201
2021/5/21;12.290.914.154.052.700;12.250.062
2021/5/24;12.454.558.563.232.400;12.318.087
2021/5/25;124.349.609.375;123.603.165
2021/5/26;12.430.061.340.332.000;12.398.264
2021/5/27;1.227.621.612.548.820;12.373.726
2021/5/28;12.210.562.133.789.000;12.283.047
2021/6/1;12.178.223.419.189.400;121.743.195
2021/6/2;12.254.657.745.361.300;121.034.325
2021/6/3;12.105.712.127.685.500;12.099.482
2021/6/4;12.335.990.142.822.200;12.058.693
2021/6/7;12.336.969.757.080.000;12.137.649
2021/6/8;12.419.281.768.798.800;12.234.034
2021/6/9;12.457.498.168.945.300;123.626.785
2021/6/10;12.357.547.760.009.700;12.412.749
2021/6/11;12.479.054.260.253.900;123.786.316
2021/6/14;1.278.576.431.274.410;12.359.301
2021/6/15;12.703.455.352.783.200;125.110.916
2021/6/16;12.753.430.938.720.700;12.636.364
2021/6/17;12.914.129.638.671.800;126.645.195
2021/6/18;12.783.808.135.986.300;12.738.607
2021/6/21;12.964.108.276.367.100;12.725.769
2021/6/22;1.312.873.077.392.570;12.743.066
2021/6/23;131.012.939.453.125;12.886.899
2021/6/24;13.072.877.502.441.400;12.993.576
2021/6/25;1.304.347.686.767.570;1.301.677
2021/6/28;13.207.122.802.734.300;1.296.607
2021/6/29;133.590.087.890.625;13.011.421
2021/6/30;1.342.073.974.609.370;13.130.437
2021/7/1;1.345.111.846.923.820;1.325.506
2021/7/2;13.714.712.524.414.000;1.329.909
2021/7/6;13.916.571.044.921.800;1.346.313
2021/7/7;14.166.448.974.609.300;13.700.902
2021/7/8;1.403.612.060.546.870;13.964.648
2021/7/9;14.219.361.877.441.400;13.911.603
2021/7/12;1.415.958.709.716.790;13.968.016
2021/7/13;1.427.129.669.189.450;1.405.203
2021/7/14;14.615.240.478.515.600;14.072.232
2021/7/15;14.549.588.012.695.300;14.320.781
2021/7/16;14.344.789.123.535.100;14.414.085
2021/7/19;13.958.705.139.160.100;14.327.173
2021/7/20;14.321.267.700.195.300;13.903.741
2021/7/21;14.247.775.268.554.600;13.913.074
2021/7/22;1.438.496.551.513.670;13.999.309
2021/7/23;1.455.742.950.439.450;14.156.944
2021/7/26;1.459.956.512.451.170;14.320.528
2021/7/27;14.382.025.146.484.300;14.428.331
2021/7/28;14.206.622.314.453.100;14.347.157
2021/7/29;1.427.129.669.189.450;14.083.102
2021/7/30;1.429.285.430.908.200;1.403.284
2021/8/2;1.425.953.826.904.290;14.023.979
2021/8/3;1.443.983.917.236.320;14.096.309
2021/8/4;1.439.966.278.076.170;14.191.164
2021/8/5;14.410.443.115.234.300;14.255.211
2021/8/6;14.341.744.995.117.100;14.266.344
2021/8/9;143.368.408.203.125;14.216.377
2021/8/10;14.288.754.272.460.900;1.417.602
2021/8/11;14.314.268.493.652.300;1.416.761
2021/8/12;1.461.162.567.138.670;14.158.334
2021/8/13;14.632.235.717.773.400;14.278.949
2021/8/16;1.483.046.875;14.433.801
2021/8/17;1.473.920.440.673.820;14.514.563
2021/8/18;1.436.333.770.751.950;14.590.059
2021/8/19;143.967.041.015.625;14.426.103
2021/8/20;14.542.929.077.148.400;14.189.435
2021/8/23;1.469.209.442.138.670;14.235.338
2021/8/24;14.683.261.108.398.400;14.389.473
2021/8/25;14.559.609.985.351.500;14.512.935
2021/8/26;1.447.913.818.359.370;14.484.053
2021/8/27;1.458.316.192.626.950;14.384.937
2021/8/30;15.026.744.079.589.800;1.433.108
2021/8/31;14.900.144.958.496.000;14.575.592
2021/9/1;14.966.880.798.339.800;1.474.678
2021/9/2;1.507.875.518.798.820;1.487.068
2021/9/3;1.514.254.608.154.290;14.924.689
2021/9/7;15.377.093.505.859.300;14.940.182
2021/9/8;1.522.203.369.140.620;15.071.628
2021/9/9;15.119.973.754.882.800;15.092.287
2021/9/10;14.619.473.266.601.500;15.011.066
2021/9/13;1.467.639.617.919.920;14.711.559
2021/9/14;14.536.056.518.554.600;1.448.013
2021/9/15;1.462.536.163.330.070;14.348.572
2021/9/16;1.460.181.121.826.170;14.301.842
2021/9/17;1.433.389.434.814.450;14.325.262
2021/9/20;14.027.711.486.816.400;14.263.896
2021/9/21;1.407.579.345.703.120;13.946.658
2021/9/22;1.431.328.887.939.450;1.388.253
2021/9/23;1.440.946.502.685.540;140.214
2021/9/24;14.418.292.236.328.100;14.210.889
2021/9/27;1.426.618.194.580.070;1.427.551
2021/9/28;13.926.625.061.035.100;14.166.878
2021/9/29;1.401.691.436.767.570;13.921.542
2021/9/30;13.886.392.211.914.000;13.844.958
2021/10/1;13.999.249.267.578.100;13.809.172
2021/10/4;13.654.789.733.886.700;13.743.492
2021/10/5;13.848.117.065.429.600;13.618.288
2021/10/6;13.935.458.374.023.400;13.621.533
2021/10/7;1.406.205.596.923.820;13.644.728
2021/10/8;14.023.780.822.753.900;13.874.397
2021/10/11;14.014.950.561.523.400;13.967.061
2021/10/12;13.887.371.826.171.800;13.943.906
2021/10/13;13.828.489.685.058.500;1.384.575
2021/10/14;141.081.787.109.375;1.367.986
2021/10/15;14.214.166.259.765.600;13.795.581
2021/10/18;14.381.983.947.753.900;13.972.386
2021/10/19;14.598.863.220.214.800;14.101.508
2021/10/20;1.464.793.701.171.870;14.347.675
2021/10/21;1.466.952.667.236.320;14.498.132
2021/10/22;14.591.995.239.257.800;1.450.858
2021/10/25;1.458.709.259.033.200;14.493.013
2021/10/26;14.653.822.326.660.100;14.413.976
2021/10/27;14.607.701.110.839.800;14.453.421
2021/10/28;14.972.767.639.160.100;14.432.408
2021/10/29;14.700.926.208.496.000;14.602.863
2021/11/1;1.461.849.365.234.370;14.441.707
2021/11/2;14.722.518.920.898.400;14.397.273
2021/11/3;1.486.678.009.033.200;14.466.884
2021/11/4;148.147.705.078.125;14.597.247
2021/11/5;14.867.835.998.535.100;14.673.462
2021/11/8;14.785.284.423.828.100;14.699.754
2021/11/9;1.482.164.764.404.290;14.659.047
2021/11/10;14.537.615.966.796.800;14.617.853
2021/11/11;14.532.701.110.839.800;14.461.505
2021/11/12;14.741.058.349.609.300;1.437.497
2021/11/15;14.742.041.015.625;14.416.434
2021/11/16;14.840.318.298.339.800;14.554.764
2021/11/17;1.508.504.180.908.200;14.621.301
2021/11/18;1.551.550.750.732.420;14.808.118
2021/11/19;1.577.889.862.060.540;15.121.347
2021/11/22;1.582.509.002.685.540;15.456.458
2021/11/23;15.863.417.053.222.600;15.783.228
2021/11/24;15.915.505.981.445.300;15.721.477
2021/11/26;15.411.328.125;15.646.786
2021/11/29;15.748.431.396.484.300;1.534.798
2021/11/30;162.457.275.390.625;15.361.703
2021/12/1;16.193.638.610.839.800;156.294
2021/12/2;1.609.437.713.623.040;16.047.467
2021/12/3;15.905.677.795.410.100;15.772.813
2021/12/6;16.247.694.396.972.600;15.694.064
2021/12/7;1.682.361.602.783.200;15.911.156
2021/12/8;172.069.091.796.875;16.367.134
2021/12/9;1.715.580.596.923.820;16.795.567
2021/12/10;1.763.639.373.779.290;17.000.694
2021/12/13;17.271.771.240.234.300;17.186.786
2021/12/14;17.133.201.599.121.000;17.253.139
2021/12/15;17.621.653.747.558.500;16.946.877
2021/12/16;16.929.759.216.308.500;1.694.792
2021/12/17;16.819.686.889.648.400;16.865.305
2021/12/20;1.668.307.647.705.070;16.487.788
2021/12/21;17.001.502.990.722.600;16.224.751
2021/12/22;17.261.949.157.714.800;16.392.735
2021/12/23;17.324.844.360.351.500;16.718.353
2021/12/27;1.772.288.055.419.920;16.996.693
2021/12/28;17.620.668.029.785.100;17.292.813
2021/12/29;17.629.515.075.683.500;17.426.486
2021/12/30;1.751.354.522.705.070;17.385.817
2021/12/31;17.451.626.586.914.000;17.292.715
2022/1/3;17.887.991.333.007.800;17.154.797
2022/1/4;17.660.963.439.941.400;1.728.148
2022/1/5;171.911.865.234.375;17.394.821
2022/1/6;16.904.208.374.023.400;17.123.636
2022/1/7;16.920.913.696.289.000;16.673.701
2022/1/10;1.692.288.055.419.920;16.508.272
2022/1/11;172.069.091.796.875;16.367.352
2022/1/12;17.251.133.728.027.300;16.600.902
2022/1/13;1.692.288.055.419.920;16.921.843
2022/1/14;1.700.936.737.060.540;16.881.479
2022/1/18;16.687.989.807.128.900;16.710.281
2022/1/19;16.337.127.685.546.800;1.649.934
2022/1/20;1.616.808.624.267.570;16.228.185
2022/1/21;15.961.697.387.695.300;16.007.909
2022/1/24;158.840.576.171.875;15.772.255
2022/1/25;15.703.221.130.371.000;15.414.061
2022/1/26;15.694.378.662.109.300;15.342.528
2022/1/27;15.648.184.204.101.500;15.499.962
2022/1/28;1.674.008.026.123.040;15.571.693
2022/1/31;1.717.742.462.158.200;16.126.234
2022/2/1;171.607.177.734.375;16.750.949
2022/2/2;17.281.602.478.027.300;17.012.729
2022/2/3;1.699.265.594.482.420;17.069.656
2022/2/4;16.964.120.483.398.400;1.690.664
2022/2/7;16.892.288.208.007.800;16.676.382
2022/2/8;17.204.229.736.328.100;16.576.599
2022/2/9;17.346.917.724.609.300;16.653.172
2022/2/10;16.937.551.879.882.800;16.895.776
2022/2/11;16.595.103.454.589.800;16.769.438
2022/2/14;16.618.719.482.421.800;16.469.601
2022/2/15;17.003.482.055.664.000;16.199.786
2022/2/16;1.697.986.602.783.200;16.433.585
2022/2/17;16.618.719.482.421.800;1.658.767
2022/2/18;16.463.235.473.632.800;16.482.034
2022/2/22;16.169.989.013.671.800;16.297.452
2022/2/23;1.575.176.544.189.450;15.936.009
2022/2/24;16.014.511.108.398.400;15.677.841
2022/2/25;16.222.145.080.566.400;15.282.301
2022/2/28;1.624.871.368.408.200;1.563.857
2022/3/1;1.605.977.783.203.120;1.588.189
2022/3/2;1.639.041.748.046.870;15.962.851
2022/3/3;16.357.940.673.828.100;16.072.554
2022/3/4;16.056.820.678.710.900;16.225.943
2022/3/7;1.567.599.639.892.570;15.984.196
2022/3/8;15.492.959.594.726.500;15.675.357
2022/3/9;16.035.174.560.546.800;1.534.679
2022/3/10;1.559.923.858.642.570;15.520.433
2022/3/11;15.226.283.264.160.100;15.388.362
2022/3/14;14.821.832.275.390.600;15.185.896
2022/3/15;15.261.705.017.089.800;14.732.861
2022/3/16;15.704.531.860.351.500;14.732.088
2022/3/17;1.580.588.836.669.920;15.173.189
2022/3/18;1.613.653.106.689.450;15.512.389
2022/3/21;1.627.429.656.982.420;15.814.458
2022/3/22;16.612.814.331.054.600;16.061.145
2022/3/23;16.749.600.219.726.500;16.298.083
2022/3/24;17.129.443.359.375;16.505.183
2022/3/25;17.193.406.677.246.000;16.734.325
2022/3/28;1.728.000.030.517.570;16.887.627
2022/3/29;1.761.064.453.125;16.868.877
2022/3/30;1.749.354.248.046.870;1.710.926
2022/3/31;1.718.258.056.640.620;17.198.116
2022/4/1;1.715.305.938.720.700;17.021.353
2022/4/4;1.755.947.265.625;16.753.827
2022/4/5;17.226.864.624.023.400;16.894.798
2022/4/6;1.690.901.641.845.700;16.949.068
2022/4/7;16.939.517.211.914.000;16.633.894
2022/4/8;1.673.778.839.111.320;16.499.953
2022/4/11;16.310.708.618.164.000;1.641.013
2022/4/12;1.649.866.485.595.700;16.138.756
2022/4/13;1.676.829.071.044.920;16.143.102
2022/4/14;1.626.544.189.453.120;16.285.191
2022/4/18;1.624.379.425.048.820;16.262.358
2022/4/19;1.647.307.891.845.700;16.019.942
2022/4/20;16.456.349.182.128.900;16.034.563
2022/4/21;16.376.638.793.945.300;16.187.717
2022/4/22;159.210.205.078.125;16.287.527
2022/4/25;16.028.286.743.164.000;16.004.254
2022/4/26;1.542.998.046.875;15.662.323
2022/4/27;15.407.347.106.933.500;153.833
2022/4/28;16.103.073.120.117.100;15.152.249
2022/4/29;15.513.623.046.875;15.497.426
2022/5/2;15.544.131.469.726.500;15.594.794
2022/5/3;1.569.370.574.951.170;15.301.703
2022/5/4;16.337.277.221.679.600;15.346.281
2022/5/5;15.427.027.893.066.400;15.741.827
2022/5/6;15.499.954.223.632.800;15.604.707
2022/5/9;14.985.520.935.058.500;15.305.795
2022/5/10;15.226.968.383.789.000;14.917.859
2022/5/11;14.437.583.923.339.800;14.916.698
2022/5/12;1.404.929.656.982.420;1.459.238
2022/5/13;14.497.702.026.367.100;13.912.581
2022/5/16;14.342.977.905.273.400;13.975.758
2022/5/17;1.470.761.260.986.320;14.102.864
2022/5/18;13.877.821.350.097.600;14.422.108
2022/5/19;13.535.853.576.660.100;14.146.068
2022/5/20;13.559.503.173.828.100;13.636.906
2022/5/23;14.103.500.366.210.900;13.358.076
2022/5/24;1.383.248.748.779.290;13.579.562
2022/5/25;13.848.255.920.410.100;13.677.928
2022/5/26;14.169.528.198.242.100;13.698.515
2022/5/27;14.747.032.165.527.300;1.378.595
2022/5/31;14.668.190.002.441.400;14.330.637
2022/6/1;1.465.537.872.314.450;14.610.388
2022/6/2;149.017.578.125;1.468.861
2022/6/3;1.432.720.947.265.620;1.464.361
2022/6/6;1.440.210.723.876.950;14.309.004
2022/6/7;1.465.537.872.314.450;14.199.423
2022/6/8;14.581.468.200.683.500;1.420.049
2022/6/9;1.405.718.231.201.170;14.355.345
2022/6/10;1.351.417.236.328.120;1.414.615
2022/6/13;12.996.783.447.265.600;13.570.578
2022/6/14;13.083.506.774.902.300;12.919.019
2022/6/15;13.346.636.962.890.600;12.755.279
2022/6/16;1.281.742.401.123.040;12.974.344
2022/6/17;12.965.245.056.152.300;1.282.268
2022/6/21;13.389.996.337.890.600;12.806.863
2022/6/22;1.333.875.274.658.200;13.142.154
2022/6/23;13.626.516.723.632.800;13.323.225
2022/6/24;1.396.060.028.076.170;13.500.664
2022/6/27;1.396.060.028.076.170;13.798.132
2022/6/28;13.544.720.458.984.300;13.970.657
2022/6/29;1.372.112.579.345.700;13.794.058
2022/6/30;13.473.764.038.085.900;13.569.759
2022/7/1;13.691.558.837.890.600;13.304.736
2022/7/5;13.950.746.154.785.100;13.310.246
2022/7/6;1.408.477.783.203.120;13.516.585
2022/7/7;14.422.802.734.375;13.833.234
2022/7/8;14.490.798.950.195.300;1.414.676
2022/7/11;1.427.694.549.560.540;14.325.493
2022/7/12;14.374.511.718.749.900;1.424.998
2022/7/13;1.433.804.931.640.620;14.253.908
2022/7/14;14.631.727.600.097.600;14.095.804
2022/7/15;14.799.264.526.367.100;14.179.619
2022/7/18;1.449.375.762.939.450;14.487.141
2022/7/19;14.881.060.791.015.600;14.530.669
2022/7/20;15.082.101.440.429.600;14.555.695
2022/7/21;15.309.754.943.847.600;14.763.922
2022/7/22;15.185.580.444.335.900;15.003.804
2022/7/25;15.073.233.032.226.500;15.090.692
2022/7/26;1.494.019.012.451.170;14.986.977
2022/7/27;1.545.166.473.388.670;14.787.546
2022/7/28;15.506.854.248.046.800;14.946.747
2022/7/29;16.015.370.178.222.600;15.162.944
2022/8/1;159.168.212.890.625;15.641.809
2022/8/2;15.768.995.666.503.900;15.806.471
2022/8/3;1.637.212.371.826.170;15.696.095
2022/8/4;16.340.586.853.027.300;15.860.414
2022/8/5;1.631.789.093.017.570;16.070.749
2022/8/8;16.270.518.493.652.300;16.025.473
2022/8/9;16.275.450.134.277.300;1.606.664
2022/8/10;16.701.783.752.441.400;15.976.306
2022/8/11;1.662.776.641.845.700;16.231.029
2022/8/12;1.698.402.557.373.040;1.641.777
2022/8/15;17.091.592.407.226.500;16.586.813
2022/8/16;17.075.802.612.304.600;16.736.528
2022/8/17;17.225.807.189.941.400;16.782.721
2022/8/18;1.718.633.270.263.670;16.865.689
2022/8/19;1.692.678.985.595.700;1.686.869
2022/8/22;16.536.973.571.777.300;16.710.791
2022/8/23;1.650.341.796.875;16.335.071
2022/8/24;16.533.026.123.046.800;16.131.961
2022/8/25;1.677.974.395.751.950;1.610.123
2022/8/26;16.147.158.813.476.500;1.630.853
2022/8/29;15.926.100.158.691.400;16.217.517
2022/8/30;1.568.234.405.517.570;15.742.943
2022/8/31;1.551.556.396.484.370;15.484.377
2022/9/1;15.588.592.529.296.800;15.333.478
2022/9/2;15.376.416.015.625;1.521.128
2022/9/6;1.525.009.765.625;15.255.426
2022/9/7;15.391.220.092.773.400;1.514.259
2022/9/8;152.431.884.765.625;15.109.996
2022/9/9;15.530.364.990.234.300;15.060.338
2022/9/12;16.128.407.287.597.600;15.206.903
2022/9/13;1.518.200.225.830.070;15.693.365
2022/9/14;1.532.707.061.767.570;1.545.003
2022/9/15;15.036.932.373.046.800;15.179.948
2022/9/16;1.487.212.677.001.950;14.917.262
2022/9/19;1.524.516.143.798.820;14.599.867
2022/9/20;15.483.984.375;14.681.645
2022/9/21;15.170.159.912.109.300;15.030.615
2022/9/22;1.507.344.512.939.450;15.193.149
2022/9/23;14.845.480.346.679.600;14.985.152
2022/9/26;14.879.034.423.828.100;14.688.126
2022/9/27;14.976.734.924.316.400;14.640.297
2022/9/28;14.787.252.807.617.100;14.756.458
2022/9/29;1.406.091.766.357.420;14.507.404
2022/9/30;1.363.853.759.765.620;14.059.131
2022/10/3;14.057.957.458.496.000;13.619.502
2022/10/4;144.181.640.625;13.567.268
2022/10/5;1.444.777.069.091.790;14.015.338
2022/10/6;1.435.204.315.185.540;14.233.119
2022/10/7;13.825.054.931.640.600;14.335.161
2022/10/10;13.857.623.291.015.600;13.957.199
2022/10/11;13.715.512.084.960.900;13.712.018
2022/10/12;13.652.354.431.152.300;13.585.788
2022/10/13;1.411.125.030.517.570;13.527.066
2022/10/14;13.656.301.879.882.800;13.571.115
2022/10/17;14.054.010.009.765.600;13.740.712
2022/10/18;1.418.624.725.341.790;13.862.714
2022/10/19;14.197.103.881.835.900;14.072.038
2022/10/20;14.150.723.266.601.500;14.066.234
2022/10/21;14.533.627.319.335.900;1.407.042
2022/10/24;14.748.765.563.964.800;14.178.513
2022/10/25;1.503.397.216.796.870;14.439.784
2022/10/26;1.473.889.923.095.700;14.740.703
2022/10/27;14.289.871.215.820.300;1.471.772
2022/10/28;153.695.068.359.375;1.436.112
2022/10/31;1.513.265.838.623.040;14.697.324
2022/11/1;14.867.190.551.757.800;1.490.735
2022/11/2;1.431.256.866.455.070;14.888.145
2022/11/3;13.705.645.751.953.100;14.470.422
2022/11/4;13.678.955.078.125;13.736.142
2022/11/7;13.732.334.899.902.300;13.411.667
2022/11/8;13.789.666.748.046.800;13.306.447
2022/11/9;1.333.199.005.126.950;13.499.257
2022/11/10;14.518.199.157.714.800;13.392.657
2022/11/11;14.797.946.166.992.100;13.939.336
2022/11/14;14.657.579.040.527.300;14.485.237
2022/11/15;14.831.552.124.023.400;14.716.379
2022/11/16;14.707.989.501.953.100;14.883.095
2022/11/17;1.489.877.166.748.040;14.697.218
2022/11/18;14.955.117.797.851.500;14.570.467
2022/11/21;1.463.088.836.669.920;1.470.938
2022/11/22;14.845.391.845.703.100;14.567.807
2022/11/23;1.493.336.944.580.070;14.499.538
2022/11/25;14.640.774.536.132.800;14.601.787
2022/11/28;14.256.243.896.484.300;14.470.625
2022/11/29;1.395.474.853.515.620;1.415.094
2022/11/30;14.632.864.379.882.800;13.866.095
2022/12/1;14.660.540.771.484.300;14.007.436
2022/12/2;1.461.111.602.783.200;14.366.542
2022/12/5;14.494.471.740.722.600;14.428.864
2022/12/6;14.126.748.657.226.500;14.478.229
2022/12/7;1.393.201.446.533.200;14.229.602
2022/12/8;14.101.046.752.929.600;13.874.678
2022/12/9;14.052.610.778.808.500;1.382.523
2022/12/12;14.282.933.044.433.500;13.884.404
2022/12/13;14.379.806.518.554.600;13.977.876
2022/12/14;1.415.640.411.376.950;14.317.139
2022/12/15;13.493.115.234.375;14.206.857
2022/12/16;13.296.401.977.539.000;13.694.734
2022/12/19;13.084.861.755.371.000;13.238.449
2022/12/20;1.307.794.647.216.790;12.966.772
2022/12/21;13.389.320.373.535.100;1.281.028
2022/12/22;1.307.102.508.544.920;130.428
2022/12/23;130.344.482.421.875;13.046.895
2022/12/27;1.285.355.224.609.370;12.930.853
2022/12/28;12.459.138.488.769.500;12.811.227
2022/12/29;12.812.034.606.933.500;12.597.662
2022/12/30;12.843.667.602.539.000;12.614.135
2023/1/3;12.363.253.784.179.600;12.650.852
2023/1/4;12.490.770.721.435.500;12.543.538
2023/1/5;12.358.309.173.583.900;12.456.098
2023/1/6;1.281.302.032.470.700;123.817.314
2023/1/9;12.865.411.376.953.100;12.508.381
2023/1/10;12.922.747.802.734.300;12.814.621
2023/1/11;13.195.574.951.171.800;12.857.361
2023/1/12;13.187.667.846.679.600;12.995.506
2023/1/13;13.321.116.638.183.500;13.096.672
2023/1/17;1.343.776.092.529.290;1.312.756
2023/1/18;133.656.005.859.375;13.271.756
2023/1/19;1.337.152.862.548.820;13.366.148
2023/1/20;13.628.541.564.941.400;13.263.757
2023/1/23;1.394.881.591.796.870;13.315.813
2023/1/24;14.089.187.622.070.300;13.639.279
2023/1/25;1.402.295.379.638.670;13.871.648
2023/1/26;14.230.545.043.945.300;13.866.362
2023/1/27;14.425.279.235.839.800;13.998.004
2023/1/30;1.413.564.453.125;14.158.942
2023/1/31;14.263.165.283.203.100;14.115.497
2023/2/1;14.375.851.440.429.600;14.024.326
2023/2/2;14.908.656.311.035.100;14.053.894
2023/2/3;1.527.242.889.404.290;14.495.084
2023/2/6;14.998.609.924.316.400;14.867.049
2023/2/7;15.287.255.859.375;14.942.682
2023/2/8;15.017.391.967.773.400;14.973.505
2023/2/9;149.135.986.328.125;14.929.118
2023/2/10;14.950.230.407.714.800;14.839.043
2023/2/13;15.231.394.958.496.000;1.466.736
2023/2/14;15.167.042.541.503.900;14.792.456
2023/2/15;15.377.919.006.347.600;14.860.898
2023/2/16;1.521.753.387.451.170;15.025.095
2023/2/17;15.102.694.702.148.400;15.079.634
2023/2/21;14.699.757.385.253.900;14.917.438
2023/2/22;1.474.232.635.498.040;14.628.732
2023/2/23;1.479.083.709.716.790;14.469.994
2023/2/24;14.524.525.451.660.100;14.490.427
2023/2/27;1.464.431.610.107.420;14.335.149
2023/2/28;14.593.824.768.066.400;14.407.579
2023/3/1;1.438.592.071.533.200;14.432.347
2023/3/2;14.445.323.181.152.300;14.320.778
2023/3/3;1.495.220.947.265.620;14.224.971
2023/3/6;15.229.417.419.433.500;14.532.121
2023/3/7;15.008.641.052.246.000;15.048.793
2023/3/8;15.134.375;15.075.932
2023/3/9;14.908.651.733.398.400;15.020.195
2023/3/10;14.701.734.924.316.400;1.490.563
2023/3/13;14.896.771.240.234.300;14.616.362
2023/3/14;15.106.654.357.910.100;14.564.908
2023/3/15;15.146.255.493.164.000;14.738.585
2023/3/16;15.429.396.057.128.900;1.482.828
2023/3/17;15.345.248.413.085.900;15.036.823
2023/3/20;15.582.850.646.972.600;15.197.356
2023/3/21;1.576.897.430.419.920;15.295.369
2023/3/22;1.562.542.266.845.700;15.453.445
2023/3/23;15.734.323.120.117.100;15.562.585
2023/3/24;1.586.500.701.904.290;15.573.198
2023/3/27;15.669.970.703.125;15.554.567
2023/3/28;15.607.601.928.710.900;15.509.862
2023/3/29;15.916.485.595.703.100;15.357.216
2023/3/30;16.073.899.841.308.500;15.514.407
2023/3/31;1.632.536.163.330.070;15.736.224
2023/4/3;1.645.109.405.517.570;15.948.541
2023/4/4;16.397.634.887.695.300;16.134.624
2023/4/5;16.212.501.525.878.900;16.218.091
2023/4/6;16.301.602.172.851.500;16.030.486
2023/4/10;16.041.229.248.046.800;15.918.509
2023/4/11;15.919.456.481.933.500;15.706.868
2023/4/12;15.850.155.639.648.400;15.642.099
2023/4/13;1.639.070.281.982.420;15.599.724
2023/4/14;16.356.053.161.621.000;15.854.308
2023/4/17;16.358.033.752.441.400;16.073.143
2023/4/18;16.480.796.813.964.800;16.126.949
2023/4/19;1.659.563.751.220.700;16.229.485
2023/4/20;16.498.614.501.953.100;16.284.218
2023/4/21;1.633.724.365.234.370;16.252.727
2023/4/24;16.367.935.180.664.000;16.113.449
2023/4/25;1.621.349.334.716.790;16.032.713
2023/4/26;16.212.501.525.878.900;1.599.064
2023/4/27;16.672.857.666.015.600;1.591.995
2023/4/28;1.679.858.856.201.170;16.161.566
2023/5/1;16.789.678.955.078.100;164.345
2023/5/2;16.685.728.454.589.800;16.552.455
2023/5/3;16.577.816.772.460.900;16.517.708
2023/5/4;16.413.473.510.742.100;16.436.821
2023/5/5;1.718.370.819.091.790;16.145.657
2023/5/8;17.176.776.123.046.800;1.658.849
2023/5/9;1.700.550.537.109.370;16.845.834
2023/5/10;17.182.716.369.628.900;16.846.556
2023/5/11;1.720.152.587.890.620;16.854.135
2023/5/12;1.710.833.740.234.370;16.871.101
2023/5/15;1.705.876.922.607.420;16.817.093
2023/5/16;1.705.876.922.607.420;16.760.155
2023/5/17;1.712.023.162.841.790;16.727.544
2023/5/18;17.354.202.270.507.800;167.01
2023/5/19;1.736.510.467.529.290;16.868.439
2023/5/22;17.269.932.556.152.300;17.068.085
2023/5/23;17.008.204.650.878.900;17.004.016
2023/5/24;1.703.596.649.169.920;16.799.774
2023/5/25;17.149.978.637.695.300;16.660.425
2023/5/26;17.391.871.643.066.400;16.729.474
2023/5/30;1.757.726.287.841.790;16.923.193
2023/5/31;17.572.305.297.851.500;17.235.938
2023/6/1;17.853.858.947.753.900;17.340.378
2023/6/2;1.793.911.895.751.950;17.433.902
2023/6/5;17.803.297.424.316.400;17.582.622
2023/6/6;17.766.616.821.289.000;17.628.743
2023/6/7;17.628.814.697.265.600;17.461.649
2023/6/8;17.901.443.481.445.300;17.335.635
2023/6/9;17.940.110.778.808.500;173.513
2023/6/12;18.220.669.555.664.000;17.529.974
2023/6/13;18.173.085.021.972.600;1.770.895
2023/6/14;18.236.534.118.652.300;17.805.577
2023/6/15;1.844.075.927.734.370;17.833.195
2023/6/16;18.332.696.533.203.100;17.956.252
2023/6/20;1.834.162.139.892.570;1.801.505
2023/6/21;1.823.752.593.994.140;17.977.104
2023/6/22;18.538.905.334.472.600;17.869.658
2023/6/23;18.507.180.786.132.800;179.363
2023/6/26;1.836.739.654.541.010;18.029.199
2023/6/27;18.643.991.088.867.100;18.061.134
2023/6/28;18.761.968.994.140.600;18.128.484
2023/6/29;18.795.675.659.179.600;18.275.403
2023/6/30;19.229.901.123.046.800;18.373.506
2023/7/3;1.908.020.172.119.140;18.660.312
2023/7/5;1.896.817.626.953.120;18.749.632
2023/7/6;19.015.760.803.222.600;1.862.139
2023/7/7;189.037.353.515.625;18.478.581
2023/7/10;18.698.521.423.339.800;18.455.453
2023/7/11;1.864.597.625.732.420;18.256.615
2023/7/12;18.813.522.338.867.100;1.816.033
2023/7/13;1.888.985.595.703.120;18.291.768
2023/7/14;1.890.472.717.285.150;18.421.243
2023/7/17;19.231.884.765.625;18.462.927
2023/7/18;19.206.109.619.140.600;18.678.339
2023/7/19;19.341.928.100.585.900;18.776.248
2023/7/20;19.146.624.755.859.300;18.889.565
2023/7/21;1.902.864.990.234.370;18.851.295
2023/7/24;1.910.895.233.154.290;18.699.792
2023/7/25;19.195.201.110.839.800;18.667.734
2023/7/26;19.282.444.763.183.500;18.689.487
2023/7/27;1.915.554.656.982.420;1.876.279
2023/7/28;1.941.429.901.123.040;18.816.263
2023/7/31;19.475.762.939.453.100;1.889.052
2023/8/1;1.939.248.809.814.450;1.896.611
2023/8/2;19.092.100.524.902.300;18.968.295
2023/8/3;1.895.231.475.830.070;18.757.658
2023/8/4;1.804.222.412.109.370;18.503.807
2023/8/7;17.730.926.513.671.800;17.835.492
2023/8/8;17.825.108.337.402.300;17.336.313
2023/8/9;1.766.549.530.029.290;17.193.274
2023/8/10;1.764.368.438.720.700;17.236.511
2023/8/11;1.764.963.836.669.920;17.313.136
2023/8/14;17.815.426.635.742.100;17.297.186
2023/8/15;17.615.887.451.171.800;17.393.878
2023/8/16;17.528.529.357.910.100;17.394.856
2023/8/17;17.273.399.353.027.300;1.730.536
2023/8/18;17.322.042.846.679.600;17.117.921
2023/8/21;1.745.605.926.513.670;16.912.338
2023/8/22;1.759.405.059.814.450;1.699.002
2023/8/23;17.980.218.505.859.300;17.196.608
2023/8/24;1.750.966.796.875;17.513.347
2023/8/25;17.731.044.006.347.600;17.471.786
2023/8/28;17.887.896.728.515.600;17.362.245
2023/8/29;1.827.803.649.902.340;17.465.813
2023/8/30;18.628.468.322.753.900;17.701.584
2023/8/31;1.865.030.517.578.120;18.101.306
2023/9/1;1.880.814.971.923.820;1.834.072
2023/9/5;18.831.976.318.359.300;18.456.541
2023/9/6;18.157.916.259.765.600;18.408.795
2023/9/7;17.626.808.166.503.900;1.802.935
2023/9/8;17.688.356.018.066.400;17.158.284
2023/9/11;17.805.499.267.578.100;17.077.646
2023/9/12;1.750.172.576.904.290;17.219.974
2023/9/13;17.294.247.436.523.400;17.202.585
2023/9/14;1.744.613.494.873.040;17.056.407
2023/9/15;17.373.663.330.078.100;16.996.114
2023/9/18;1.766.750.946.044.920;17.029.205
2023/9/19;17.776.708.984.375;17.257.275
2023/9/20;17.421.316.528.320.300;17.414.537
2023/9/21;17.266.448.974.609.300;17.350.592
2023/9/22;1.735.182.342.529.290;17.081.874
2023/9/25;17.479.884.338.378.900;17.016.162
2023/9/26;17.070.883.178.710.900;1.704.174
2023/9/27;16.918.997.192.382.800;16.886.626
2023/9/28;16.944.805.908.203.100;16.666.798
2023/9/29;16.996.429.443.359.300;1.651.834
2023/10/2;17.248.580.932.617.100;166.299
2023/10/3;17.114.561.462.402.300;16.795.364
2023/10/4;17.239.645.385.742.100;16.829.285
2023/10/5;1.736.373.748.779.290;16.851.765
2023/10/6;1.761.986.083.984.370;16.979.712
2023/10/9;17.768.768.310.546.800;17.140.608
2023/10/10;177.092.041.015.625;17.334.984
2023/10/11;17.849.179.077.148.400;17.433.304
2023/10/12;1.793.951.873.779.290;17.456.703
2023/10/13;1.775.487.060.546.870;17.561.226
2023/10/16;17.741.964.721.679.600;1.752.949
2023/10/17;17.586.105.346.679.600;173.247
2023/10/18;1.745.605.926.513.670;17.153.467
2023/10/19;17.418.338.012.695.300;17.054.611
2023/10/20;17.162.213.134.765.600;17.054.463
2023/10/23;1.717.412.567.138.670;16.909.845
2023/10/24;17.217.807.006.835.900;16.729.634
2023/10/25;16.985.508.728.027.300;16.759.853
2023/10/26;16.567.572.021.484.300;16.705.301
2023/10/27;1.669.960.479.736.320;1.644.313
2023/10/30;1.690.509.796.142.570;16.316.573
2023/10/31;1.695.274.963.378.900;16.480.388
2023/11/1;17.270.420.837.402.300;16.568.874
2023/11/2;17.627.801.513.671.800;16.809.973
2023/11/3;17.536.468.505.859.300;17.221.175
2023/11/6;17.792.593.383.789.000;1.723.563
2023/11/7;18.049.710.083.007.800;17.376.262
2023/11/8;18.155.929.565.429.600;17.609.918
2023/11/9;18.108.279.418.945.300;17.803.787
2023/11/10;18.528.756.713.867.100;17.834.042
2023/11/13;1.836.970.977.783.200;18.007.169
2023/11/14;18.632.135.009.765.600;18.038.187
2023/11/15;186.887.939.453.125;18.182.042
2023/11/16;1.885.778.045.654.290;18.292.598
2023/11/17;18.855.792.236.328.100;18.419.243
2023/11/20;1.903.074.188.232.420;18.435.732
2023/11/21;1.895.022.430.419.920;1.851.098
2023/11/22;19.016.824.340.820.300;1.851.841
2023/11/24;18.883.624.267.578.100;18.573.605
2023/11/27;1.886.573.181.152.340;1.847.373
2023/11/28;189.263.671.875;18.392.645
2023/11/29;1.882.398.223.876.950;18.407.794
2023/11/30;18.881.637.573.242.100;18.434.561
2023/12/1;19.009.866.333.007.800;1.839.529
2023/12/4;1.882.994.537.353.510;18.471.011
2023/12/5;19.226.564.025.878.900;18.390.808
2023/12/6;19.117.222.595.214.800;18.599.005
2023/12/7;19.311.058.044.433.500;18.775.752
2023/12/8;1.945.419.921.875;18.880.704
2023/12/11;19.202.708.435.058.500;1.895.176
2023/12/12;1.935.479.736.328.120;18.770.935
2023/12/13;196.778.564.453.125;18.750.514
2023/12/14;19.692.767.333.984.300;18.989.484
2023/12/15;19.639.089.965.820.300;19.191.885
2023/12/18;19.472.091.674.804.600;19.193.825
2023/12/19;1.957.646.484.375;19.027.196
2023/12/20;1.936.672.515.869.140;1.900.682
2023/12/21;19.351.812.744.140.600;1.896.107
2023/12/22;192.444.580.078.125;18.897.775
2023/12/26;1.918.978.729.248.040;18.800.455
2023/12/27;1.919.972.686.767.570;18.708.511
2023/12/28;1.924.247.131.347.650;18.634.596
2023/12/29;1.913.809.509.277.340;18.738.348
2024/1/2;18.453.207.397.460.900;18.732.437
2024/1/3;1.831.503.753.662.100;18.171.675
2024/1/4;1.808.243.560.791.010;17.837.753
2024/1/5;18.009.869.384.765.600;1.758.652
2024/1/8;1.844.525.604.248.040;17.530.301
2024/1/9;1.840.350.646.972.650;1.777.283
2024/1/10;1.850.788.116.455.070;17.941.193
2024/1/11;18.448.239.135.742.100;18.074.872
2024/1/12;18.481.040.954.589.800;18.127.641
2024/1/16;1.825.340.881.347.650;18.143.979
2024/1/17;18.158.973.693.847.600;1.786.846
2024/1/18;18.750.425.720.214.800;1.767.751
2024/1/19;1.904.167.633.056.640;18.080.022
2024/1/22;19.273.284.912.109.300;18.503.912
2024/1/23;19.401.515.197.753.900;18.863.661
2024/1/24;19.333.921.813.964.800;1.903.978
2024/1/25;1.930.111.846.923.820;19.033.066
2024/1/26;1.912.716.217.041.010;18.929.897
2024/1/29;19.058.575.439.453.100;18.748.306
2024/1/30;1.869.177.703.857.420;18.520.488
2024/1/31;1.832.994.842.529.290;18.300.377
2024/2/1;18.574.481.201.171.800;17.951.958
2024/2/2;18.474.082.946.777.300;17.872.636
2024/2/5;18.655.990.600.585.900;17.744.371
2024/2/6;1.881.702.423.095.700;18.095.845
2024/2/7;18.827.960.205.078.100;18.310.701
2024/2/8;1.871.960.906.982.420;18.496.451
2024/2/9;1.879.624.786.376.950;18.431.812
2024/2/12;1.862.704.620.361.320;18.408.777
2024/2/13;18.417.034.912.109.300;18.290.556
2024/2/14;18.328.456.115.722.600;18.026.038
2024/2/15;18.299.591.064.453.100;17.875.441
2024/2/16;18.145.320.129.394.500;1.777.725
2024/2/20;18.070.672.607.421.800;17.757.162
2024/2/21;18.146.316.528.320.300;17.651.202
2024/2/22;1.835.035.400.390.620;17.678.151
2024/2/23;1.816.622.467.041.010;17.863.187
2024/2/26;18.030.860.900.878.900;17.919.138
2024/2/27;18.177.171.325.683.500;17.766.208
2024/2/28;18.056.739.807.128.900;17.713.126
2024/2/29;17.990.054.321.289.000;17.693.103
2024/3/1;178.815.673.828.125;17.618.428
2024/3/4;17.427.711.486.816.400;17.480.295
2024/3/5;1.693.204.803.466.790;17.124.545
2024/3/6;16.832.518.005.371.000;16.627.298
2024/3/7;16.820.574.951.171.800;16.449.353
2024/3/8;16.992.762.756.347.600;1.642.411
2024/3/11;17.193.812.561.035.100;16.592.506
2024/3/12;17.241.587.829.589.800;16.881.068
2024/3/13;17.032.577.514.648.400;16.973.671
2024/3/14;17.218.695.068.359.300;16.895.311
2024/3/15;17.180.873.107.910.100;16.928.424
2024/3/18;17.290.357.971.191.400;16.820.312
2024/3/19;1.752.524.871.826.170;17.045.374
2024/3/20;17.783.030.700.683.500;17.137.856
2024/3/21;17.056.460.571.289.000;17.306.793
2024/3/22;17.147.035.217.285.100;17.070.424
2024/3/25;1.700.470.733.642.570;16.789.471
2024/3/26;1.689.124.298.095.700;1.661.037
2024/3/27;17.249.549.865.722.600;1.653.593
2024/3/28;17.067.410.278.320.300;16.697.845
2024/4/1;16.923.092.651.367.100;1.674.473
2024/4/2;16.804.649.353.027.300;16.678.645
2024/4/3;16.885.269.165.039.000;16.522.246
2024/4/4;168.026.611.328.125;16.522.389
2024/4/5;1.687.830.352.783.200;16.578.542
2024/4/8;16.765.834.045.410.100;16.588.536
2024/4/9;16.887.261.962.890.600;1.651.477
2024/4/10;1.669.915.008.544.920;16.528.964
2024/4/11;1.742.173.614.501.950;16.452.866
2024/4/12;17.572.027.587.890.600;16.741.814
2024/4/15;17.187.841.796.875;17.170.901
2024/4/16;16.858.399.963.378.900;1.715.632
2024/4/17;16.721.046.447.753.900;16.797.824
2024/4/18;1.662.549.591.064.450;16.499.228
2024/4/19;16.422.454.833.984.300;1.629.491
2024/4/22;16.506.060.791.015.600;16.087.181
2024/4/23;16.611.563.110.351.500;16.105.833
2024/4/24;16.822.567.749.023.400;16.185.973
2024/4/25;16.909.158.325.195.300;16.384.529
2024/4/26;1.685.043.487.548.820;16.596.944
2024/4/29;1.726.846.160.888.670;16.684.772
2024/4/30;1.695.294.952.392.570;17.006.787
2024/5/1;1.685.043.487.548.820;16.941.446
2024/5/2;17.221.681.213.378.900;16.712.273
2024/5/3;1.825.181.884.765.620;16.778.043
2024/5/6;1.808.560.333.251.950;17.793.298
2024/5/7;1.815.427.703.857.420;17.984.396
2024/5/8;18.188.119.506.835.900;1.797.903
2024/5/9;1.837.025.909.423.820;17.863.773
2024/5/10;18.243.685.913.085.900;17.859.741
2024/5/13;1.856.560.211.181.640;17.875.064
2024/5/14;1.868.021.545.410.150;18.047.429
2024/5/15;1.890.845.184.326.170;18.231.616
2024/5/16;1.892.041.015.625;18.405.876
2024/5/17;18.923.399.353.027.300;18.541.779
2024/5/20;19.040.008.544.921.800;18.527.351
2024/5/21;1.917.057.037.353.510;18.533.022
2024/5/22;1.902.605.438.232.420;18.635.497
2024/5/23;18.625.401.306.152.300;1.863.765
2024/5/24;1.893.436.279.296.870;18.389.604
2024/5/28;1.893.535.919.189.450;18.358.894
2024/5/29;189.652.587.890.625;18.488.765
2024/5/30;1.906.492.462.158.200;18.527.425
2024/5/31;1.916.060.333.251.950;1.859.976
2024/6/3;19.338.006.591.796.800;18.644.046
2024/6/4;19.369.900.512.695.300;18.827.234
2024/6/5;19.521.389.770.507.800;18.932.266
2024/6/6;19.382.855.224.609.300;1.905.784
2024/6/7;19.623.048.400.878.900;19.027.704
2024/6/10;19.247.311.401.367.100;19.032.896
2024/6/11;20.645.611.572.265.600;18.926.633
2024/6/12;21.235.629.272.460.900;19.402.437
2024/6/13;2.135.223.846.435.540;20.488.425
2024/6/14;2.117.782.440.185.540;20.999.342
2024/6/17;21.594.422.912.597.600;20.910.075
2024/6/18;2.135.721.893.310.540;2.093.004
2024/6/20;20.897.764.587.402.300;20.881.874
2024/6/21;20.679.498.291.015.600;20.471.405
2024/6/24;20.744.281.005.859.300;20.083.362
2024/6/25;2.083.697.052.001.950;20.031.772
2024/6/26;2.125.356.903.076.170;20.128.195
2024/6/27;21.338.284.301.757.800;20.454.492
2024/6/28;2.099.144.744.873.040;20.716.254
2024/7/1;21.602.395.629.882.800;2.067.344
2024/7/2;2.195.321.807.861.320;20.783.858
2024/7/3;22.080.789.184.570.300;21.080.606
2024/7/5;2.255.818.328.857.420;2.135.698
2024/7/8;227.056.884.765.625;21.693.562
2024/7/9;2.279.139.862.060.540;21.932.108
2024/7/10;2.321.995.849.609.370;22.071.495
2024/7/11;22.680.772.399.902.300;22.307.639
2024/7/12;22.976.776.123.046.800;22.151.363
2024/7/15;2.336.148.376.464.840;2.213.777
2024/7/16;23.403.343.200.683.500;22.512.859
2024/7/17;2.281.133.270.263.670;22.593.567
2024/7/18;22.342.906.188.964.800;22.122.342
2024/7/19;22.355.862.426.757.800;21.718.515
2024/7/22;22.320.980.834.960.900;21.492.496
2024/7/23;2.242.563.018.798.820;21.526.761
2024/7/24;21.780.795.288.085.900;2.156.793
2024/7/25;2.167.614.898.681.640;21.292.908
2024/7/26;21.722.991.943.359.300;20.983.488
2024/7/29;21.750.897.216.796.800;20.931.526
2024/7/30;21.806.710.815.429.600;20.948.215
2024/7/31;2.213.361.053.466.790;21.067.043
2024/8/1;2.176.285.552.978.510;21.406.297
2024/8/2;21.912.353.515.625;21.415.004
2024/8/5;2.085.690.155.029.290;21.361.522
2024/8/6;2.065.358.428.955.070;20.067.517
2024/8/7;2.091.171.875;1.968.131
2024/8/8;21.259.548.950.195.300;19.964.401
2024/8/9;21.551.568.603.515.600;20.419.067
2024/8/12;2.170.522.918.701.170;20.780.779
2024/8/13;2.207.840.881.347.650;21.118.625
2024/8/14;22.123.309.326.171.800;21.431.181
2024/8/15;22.422.650.146.484.300;21.540.329
2024/8/16;2.255.535.888.671.870;2.173.935
2024/8/19;2.253.939.208.984.370;21.821.689
2024/8/20;2.260.125.732.421.870;2.178.104
2024/8/21;2.259.028.167.724.600;21.813.708
2024/8/22;2.240.369.110.107.420;21.821.297
2024/8/23;2.263.418.426.513.670;21.765.436
2024/8/26;2.266.810.913.085.930;2.177.099
2024/8/27;22.752.923.583.984.300;21.775.206
2024/8/28;22.599.261.474.609.300;2.184.244
2024/8/29;22.928.536.987.304.600;21.900.883
2024/8/30;22.849.710.083.007.800;22.157.881
2024/9/3;22.228.079.223.632.800;22.140.625
2024/9/4;2.203.650.054.931.640;21.768.156
2024/9/5;2.218.916.473.388.670;21.245.322
2024/9/6;22.033.506.774.902.300;21.303.642
2024/9/9;2.204.248.809.814.450;21.361.676
2024/9/10;21.962.661.743.164.000;21.219.284
2024/9/11;2.221.710.357.666.010;21.150.078
2024/9/12;22.228.079.223.632.800;21.313.751
2024/9/13;2.220.113.677.978.510;21.462.254
2024/9/16;21.584.495.544.433.500;21.566.818
2024/9/17;21.631.390.380.859.300;21.011.458
2024/9/18;22.020.535.278.320.300;20.801.468
2024/9/19;2.283.673.858.642.570;21.088.773
2024/9/20;2.276.988.525.390.620;21.844.542
2024/9/23;22.597.265.625;22.231.097
2024/9/24;2.268.706.817.626.950;22.163.576
2024/9/25;2.258.728.790.283.200;22.051.468
2024/9/26;22.702.035.522.460.900;21.804.436
2024/9/27;2.272.897.491.455.070;21.820.523
2024/9/30;23.248.831.176.757.800;21.929.263
2024/10/1;22.571.322.631.835.900;22.240.402
2024/10/2;22.628.196.716.308.500;21.978.194
2024/10/3;2.251.744.079.589.840;21.749.994
2024/10/4;22.630.194.091.796.800;21.639.935
2024/10/7;2.212.031.707.763.670;21.745.944
2024/10/8;22.527.420.043.945.300;2.153.451
2024/10/9;22.903.591.918.945.300;21.608.638
2024/10/10;22.853.700.256.347.600;21.886.722
2024/10/11;22.705.029.296.875;2.206.022
2024/10/14;23.079.205.322.265.600;22.076.361
2024/10/15;23.333.645.629.882.800;22.202.434
2024/10/16;23.127.099.609.375;22.558.076
2024/10/17;2.316.401.824.951.170;22.412.517
2024/10/18;2.344.839.324.951.170;22.383.241
2024/10/21;23.596.067.810.058.500;22.587.753
2024/10/22;235.342.041.015.625;22.689.383
2024/10/23;23.025.323.486.328.100;2.261.837
2024/10/24;23.006.365.966.796.800;22.322.978
2024/10/25;2.309.018.096.923.820;22.075.949
2024/10/28;23.288.743.591.308.500;22.113.919
2024/10/29;23.315.684.509.277.300;22.371.265
2024/10/30;22.959.469.604.492.100;22.470.764
2024/10/31;2.254.138.946.533.200;22.317.316
2024/11/1;2.224.204.864.501.950;21.931.186
2024/11/4;2.215.224.456.787.100;21.413.577
2024/11/5;22.295.928.955.078.100;2.120.259
2024/11/6;22.223.089.599.609.300;2.132.022
2024/11/7;22.698.043.823.242.100;21.467.201
2024/11/8;2.267.107.391.357.420;21.802.423
2024/11/11;22.398.373.413.085.900;22.018.158
2024/11/12;22.398.373.413.085.900;21.787.105
2024/11/13;2.248.727.569.580.070;21.687.627
2024/11/14;2.279.693.603.515.620;21.677.611
2024/11/15;2.247.528.839.111.320;21.866.733
2024/11/18;2.277.695.770.263.670;21.818.994
2024/11/19;2.280.292.816.162.100;2.191.492
2024/11/20;2.287.484.893.798.820;22.017.372
2024/11/21;2.282.690.277.099.600;22.047.351
2024/11/22;22.961.753.845.214.800;2.203.604
2024/11/25;2.326.142.425.537.100;22.099.513
2024/11/26;2.348.018.341.064.450;22.314.842
2024/11/27;23.467.198.181.152.300;22.598.526
2024/11/29;23.706.935.119.628.900;22.687.053
2024/12/2;2.393.268.585.205.070;22.776.793
2024/12/3;2.423.834.991.455.070;22.986.227
2024/12/4;24.274.310.302.734.300;23.219.675
2024/12/5;2.427.730.712.890.620;23.383.575
2024/12/6;2.425.732.879.638.670;2.343.328
2024/12/9;24.647.900.390.625;23.383.727
2024/12/10;2.474.978.790.283.200;2.346.254
2024/12/11;2.462.192.840.576.170;23.675.363
2024/12/12;24.768.768.310.546.800;23.788.873
2024/12/13;24.785.748.291.015.600;23.760.686
2024/12/16;2.507.642.822.265.620;23.761.816
2024/12/17;25.320.159.912.109.300;23.894.121
2024/12/18;24.777.757.263.183.500;24.122.655
2024/12/19;24.951.565.551.757.800;24.049.445
2024/12/20;25.421.051.025.390.600;23.897.101
2024/12/23;2.549.896.545.410.150;23.975.739
2024/12/24;2.579.164.428.710.930;24.343.675
2024/12/26;2.587.355.041.503.900;24.626.765
2024/12/27;25.530.929.565.429.600;24.819.379
2024/12/30;2.519.230.194.091.790;24.613.377
2024/12/31;2.501.449.737.548.820;24.170.494
2025/1/2;2.435.821.990.966.790;23.945.457
2025/1/3;2.430.927.276.611.320;23.461.119
2025/1/6;24.473.092.651.367.100;23.155.267
2025/1/7;24.194.400.024.414.000;23.289.938
2025/1/8;24.243.344.116.210.900;23.263.658
2025/1/10;23.658.987.426.757.800;23.217.133
2025/1/13;2.341.425.628.662.100;22.832.549
2025/1/14;23.302.378.845.214.800;22.386.627
2025/1/15;23.760.874.938.964.800;2.237.371
2025/1/16;22.800.930.786.132.800;226.627
2025/1/17;2.297.274.169.921.870;22.457.027
2025/1/21;22.239.547.729.492.100;22.225.565
2025/1/22;22.358.416.748.046.800;21.508.673
2025/1/23;22.341.436.767.578.100;21.277.522
2025/1/24;2.225.353.240.966.790;21.485.669
2025/1/27;2.296.075.439.453.120;21.566.637
2025/1/28;23.799.832.153.320.300;21.955.103
2025/1/29;2.390.971.221.923.820;22.722.229
2025/1/30;2.373.290.557.861.320;23.075.177
2025/1/31;2.357.408.142.089.840;23.173.999
2025/2/3;22.775.958.251.953.100;23.238.496
2025/2/4;23.254.432.678.222.600;22.255.888
2025/2/5;23.221.469.116.210.900;21.989.821
2025/2/6;2.329.638.671.875;22.022.359
2025/2/7;2.273.800.048.828.120;22.232.814
2025/2/10;2.276.499.938.964.840;22.164.548
2025/2/11;2.326.199.951.171.870;22.043.828
2025/2/12;2.368.699.951.171.870;22.233.818
2025/2/13;24.152.999.877.929.600;22.567.064
2025/2/14;2.446.000.061.035.150;23.081.212
2025/2/18;24.447.000.122.070.300;23.533.736
2025/2/19;24.486.999.511.718.700;2.364.458
2025/2/20;2.458.300.018.310.540;23.645.427
2025/2/21;2.455.500.030.517.570;23.640.495
2025/2/24;2.471.000.061.035.150;23.660.979
2025/2/25;2.470.399.932.861.320;23.656.017
2025/2/26;2.403.600.006.103.510;23.717.401
2025/2/27;2.373.000.030.517.570;2.328.905
2025/2/28;24.183.999.633.789.000;22.890.654
2025/3/3;23.802.999.877.929.600;22.728.008
2025/3/4;23.592.999.267.578.100;22.897.598
2025/3/5;2.357.400.054.931.640;2.278.847
2025/3/6;2.353.300.018.310.540;22.543.156
2025/3/7;23.907.000.732.421.800;22.572.787
2025/3/10;22.747.999.572.753.900;2.283.981
2025/3/11;22.083.999.633.789.000;22.344.066
2025/3/12;21.697.999.572.753.900;21.453.613
2025/3/13;20.967.999.267.578.100;20.914.365
